"","comparison","ROI","AIC","AICdiff","BIC","BICdiff","Chisq","Chisq diff","Pr(>Chisq)","LRT_p05"
"1","uncon","lh_bankssts",-2917.32770418959,NA,-2859.92780178234,NA,5.00400856598177,NA,NA,NA
"2","uncon_v_timecon","lh_bankssts",-2916.26066961513,1.06703457446019,-2868.42741760909,-8.49961582674814,10.0710431404429,5.06703457446114,0.0793793287970436,"nonsig"
"3","timecon_v_con","lh_bankssts",-2910.67464587757,5.58602373755184,-2872.40804427274,-3.98062666365604,19.6570668779963,9.58602373755338,0.00828745901587342,"sig"
"5","uncon_v_errcon","lh_bankssts",-2911.49229040107,5.83541378851214,-2863.65903839503,-3.73123661269619,14.839422354494,9.83541378851224,0.00731588773096958,"sig"
"6","errcon_v_con","lh_bankssts",-2910.67464587757,0.817644523499894,-2872.40804427274,-8.74900587770799,19.6570668779963,4.81764452350228,0.0899211357943918,"nonsig"
"8","uncon_v_con","lh_bankssts",-2910.67464587757,6.65305831201204,-2872.40804427274,-12.4802424904042,19.6570668779963,14.6530583120145,0.00547763163625715,"sig"
"11","uncon","lh_caudalanteriorcingulate",-3918.2551900937,NA,-3860.85528768646,NA,9.11550909809323,NA,NA,NA
"21","uncon_v_timecon","lh_caudalanteriorcingulate",-3920.96984068357,-2.71465058986951,-3873.13658867753,-12.2813009910778,10.4008585082275,1.28534941013428,0.525883956781544,"nonsig"
"31","timecon_v_con","lh_caudalanteriorcingulate",-3922.71062605978,-1.74078537621199,-3884.44402445495,-11.3074357774199,12.6600731320079,2.25921462378034,0.323160132650892,"nonsig"
"51","uncon_v_errcon","lh_caudalanteriorcingulate",-3920.01286367734,-1.75767358363646,-3872.1796116713,-11.3243239848448,11.3578355144559,2.24232641636262,0.325900483947947,"nonsig"
"61","errcon_v_con","lh_caudalanteriorcingulate",-3922.71062605978,-2.69776238244503,-3884.44402445495,-12.2644127836529,12.6600731320079,1.302237617552,0.52146203397367,"nonsig"
"81","uncon_v_con","lh_caudalanteriorcingulate",-3922.71062605978,-4.4554359660815,-3884.44402445495,-23.5887367684977,12.6600731320079,3.54456403391462,0.471134716727938,"nonsig"
"12","uncon","lh_caudalmiddlefrontal",-178.790656799583,NA,-121.390754392335,NA,1.14181063139794,NA,NA,NA
"22","uncon_v_timecon","lh_caudalmiddlefrontal",-181.563818906788,-2.77316210720494,-133.730566900748,-12.3398125084128,2.36864852419356,1.22683789279562,0.541496353628865,"nonsig"
"32","timecon_v_con","lh_caudalmiddlefrontal",-185.005814711273,-3.4419958044848,-146.739213106441,-13.0086462056927,2.92665271970796,0.558004195514399,0.756538316179683,"nonsig"
"52","uncon_v_errcon","lh_caudalmiddlefrontal",-182.201574667406,-3.41091786782317,-134.368322661367,-12.9775682690311,1.73089276357616,0.589082132178214,0.74487335667787,"nonsig"
"62","errcon_v_con","lh_caudalmiddlefrontal",-185.005814711273,-2.80424004386657,-146.739213106441,-12.3708904450745,2.92665271970796,1.1957599561318,0.549976362987277,"nonsig"
"82","uncon_v_con","lh_caudalmiddlefrontal",-185.005814711273,-6.21515791168974,-146.739213106441,-25.3484587141056,2.92665271970796,1.78484208831002,0.775254389409753,"nonsig"
"13","uncon","lh_cuneus",-2292.17056894486,NA,-2234.77066653761,NA,11.8539961360462,NA,NA,NA
"23","uncon_v_timecon","lh_cuneus",-2295.93107529436,-3.76050634949979,-2248.09782328832,-13.3271567507077,12.0934897865457,0.239493650499515,0.887145011004278,"nonsig"
"33","timecon_v_con","lh_cuneus",-2277.52583015039,18.4052451439647,-2239.25922854556,8.83859474275687,34.4987349305105,22.4052451439648,1.36383814858813e-05,"sig"
"53","uncon_v_errcon","lh_cuneus",-2273.72547845698,18.4450904878786,-2225.89222645094,8.87844008667071,34.2990866239219,22.4450904878757,1.33693572247924e-05,"sig"
"63","errcon_v_con","lh_cuneus",-2277.52583015039,-3.80035169341363,-2239.25922854556,-13.3670020946215,34.4987349305105,0.199648306588607,0.904996544705652,"nonsig"
"83","uncon_v_con","lh_cuneus",-2277.52583015039,14.644738794465,-2239.25922854556,-4.4885620079508,34.4987349305105,22.6447387944643,0.000149091084053691,"sig"
"14","uncon","lh_entorhinal",-4272.79413731243,NA,-4215.39423490518,NA,5.1899281323661,NA,NA,NA
"24","uncon_v_timecon","lh_entorhinal",-4268.67383405389,4.12030325854266,-4220.84058204785,-5.44634714266522,13.3102313909095,8.12030325854336,0.0172464038574205,"sig"
"34","timecon_v_con","lh_entorhinal",-4265.36372419016,3.31010986372712,-4227.09712258533,-6.25654053748076,20.6203412546369,7.31010986372742,0.0258600769019285,"sig"
"54","uncon_v_errcon","lh_entorhinal",-4268.58137428969,4.21276302274691,-4220.74812228365,-5.35388737846097,13.4026911551147,8.21276302274863,0.0164672534187381,"sig"
"64","errcon_v_con","lh_entorhinal",-4265.36372419016,3.21765009952287,-4227.09712258533,-6.34900030168501,20.6203412546369,7.21765009952215,0.0270836501202511,"sig"
"84","uncon_v_con","lh_entorhinal",-4265.36372419016,7.43041312226978,-4227.09712258533,-11.702887680146,20.6203412546369,15.4304131222708,0.00388692399614025,"sig"
"15","uncon","lh_fusiform",-546.134832657291,NA,-488.734930250043,NA,16.5772080641914,NA,NA,NA
"25","uncon_v_timecon","lh_fusiform",-549.322029563831,-3.18719690654007,-501.488777557791,-12.7538473077479,17.3900111576541,0.812803093462687,0.666042666465758,"nonsig"
"35","timecon_v_con","lh_fusiform",-524.691492148311,24.6305374155205,-486.424890543479,15.0638870143126,46.0205485731741,28.63053741552,6.06677367016457e-07,"sig"
"55","uncon_v_errcon","lh_fusiform",-521.393343602486,24.7414890548052,-473.560091596446,15.1748386535974,45.3186971189951,28.7414890548037,5.73937961543968e-07,"sig"
"65","errcon_v_con","lh_fusiform",-524.691492148311,-3.2981485458248,-486.424890543479,-12.8647989470327,46.0205485731741,0.701851454178986,0.704036042719769,"nonsig"
"85","uncon_v_con","lh_fusiform",-524.691492148311,21.4433405089804,-486.424890543479,2.31003970656462,46.0205485731741,29.4433405089827,6.35270264101549e-06,"sig"
"16","uncon","lh_inferiorparietal",1198.17464592248,NA,1255.57454832973,NA,7.08317284827806,NA,NA,NA
"26","uncon_v_timecon","lh_inferiorparietal",1195.40148802521,-2.77315789726754,1243.23474003125,-12.3398082984754,8.31001495100508,1.22684210272702,0.541495213798812,"nonsig"
"36","timecon_v_con","lh_inferiorparietal",1212.0537136901,16.6522256648909,1250.32031529494,7.08557526368304,28.9622406158929,20.6522256648879,3.27662075117415e-05,"sig"
"56","uncon_v_errcon","lh_inferiorparietal",1214.93149615902,16.756850236538,1262.76474816506,7.19019983533008,27.8400230848068,20.7568502365288,3.10961942308858e-05,"sig"
"66","errcon_v_con","lh_inferiorparietal",1212.0537136901,-2.87778246891457,1250.32031529494,-12.4444328701225,28.9622406158929,1.1222175310861,0.570576077902293,"nonsig"
"86","uncon_v_con","lh_inferiorparietal",1212.0537136901,13.8790677676234,1250.32031529494,-5.25423303479238,28.9622406158929,21.8790677676149,0.000211840099650312,"sig"
"17","uncon","lh_inferiortemporal",436.516541450575,NA,493.916443857822,NA,2.26116201925771,NA,NA,NA
"27","uncon_v_timecon","lh_inferiortemporal",437.734415184137,1.21787373356182,485.567667190176,-8.34877666764606,7.47903575282092,5.21787373356322,0.0736127623502528,"nonsig"
"37","timecon_v_con","lh_inferiortemporal",482.29638260541,44.5619674212739,520.562984210242,34.995317020066,56.0410031740926,48.5619674212717,2.8503799816802e-11,"sig"
"57","uncon_v_errcon","lh_inferiortemporal",480.593570870086,44.0770294195111,528.426822876125,34.5103790183031,50.3381914387706,48.0770294195129,3.63250071457002e-11,"sig"
"67","errcon_v_con","lh_inferiortemporal",482.29638260541,1.7028117353247,520.562984210242,-7.86383866588324,56.0410031740926,5.70281173532202,0.0577630565515743,"nonsig"
"87","uncon_v_con","lh_inferiortemporal",482.29638260541,45.7798411548358,520.562984210242,26.6465403524199,56.0410031740926,53.7798411548349,5.85198429492836e-11,"sig"
"18","uncon","lh_isthmuscingulate",-2763.28248300149,NA,-2705.88258059424,NA,31.7824892150794,NA,NA,NA
"28","uncon_v_timecon","lh_isthmuscingulate",-2761.64666741978,1.63581558171018,-2713.81341541374,-7.9308348194977,37.4183047967882,5.63581558170886,0.0597307813561466,"nonsig"
"38","timecon_v_con","lh_isthmuscingulate",-2279.27943428179,482.36723313799,-2241.01283267696,472.800582736782,523.78553793478,486.367233137991,2.43611190881864e-106,"sig"
"58","uncon_v_errcon","lh_isthmuscingulate",-2276.41336762327,486.869115378216,-2228.58011561723,477.302464977008,522.651604593295,490.869115378215,2.56522773756176e-107,"sig"
"68","errcon_v_con","lh_isthmuscingulate",-2279.27943428179,-2.86606665851605,-2241.01283267696,-12.4327170597239,523.78553793478,1.13393334148486,0.567243467915476,"nonsig"
"88","uncon_v_con","lh_isthmuscingulate",-2279.27943428179,484.0030487197,-2241.01283267696,464.869747917284,523.78553793478,492.0030487197,3.59414061537578e-105,"sig"
"19","uncon","lh_lateraloccipital",978.782129909599,NA,1036.18203231685,NA,3.78642589137357,NA,NA,NA
"29","uncon_v_timecon","lh_lateraloccipital",976.381979905718,-2.40015000388053,1024.21523191176,-11.9668004050884,5.38627588749359,1.59984999612002,0.449362665925058,"nonsig"
"39","timecon_v_con","lh_lateraloccipital",1062.52548873787,86.1435088321557,1100.79209034271,76.5768584309478,95.5297847196514,90.1435088321578,2.66431621191942e-20,"sig"
"59","uncon_v_errcon","lh_lateraloccipital",1064.93132772476,86.1491978151651,1112.7645797308,76.5825474139572,93.9356237065357,90.1491978151621,2.65674835554977e-20,"sig"
"69","errcon_v_con","lh_lateraloccipital",1062.52548873787,-2.40583898688988,1100.79209034271,-11.9724893880978,95.5297847196514,1.59416101311567,0.450642693860898,"nonsig"
"89","uncon_v_con","lh_lateraloccipital",1062.52548873787,83.7433588282752,1100.79209034271,64.6100580258594,95.5297847196514,91.7433588282778,5.61168480034428e-19,"sig"
"110","uncon","lh_lateralorbitofrontal",-159.286021102595,NA,-101.886118695348,NA,2.35994624746155,NA,NA,NA
"210","uncon_v_timecon","lh_lateralorbitofrontal",-161.43885608283,-2.15283498023476,-113.60560407679,-11.7194853814427,4.20711126722707,1.84716501976553,0.397093897001976,"nonsig"
"310","timecon_v_con","lh_lateralorbitofrontal",-139.458547908413,21.9803081744165,-101.191946303582,12.4136577732085,30.1874194416429,25.9803081744158,2.28269433408978e-06,"sig"
"510","uncon_v_errcon","lh_lateralorbitofrontal",-136.322637312398,22.9633837901969,-88.4893853063586,13.396733388989,29.3233300376583,26.9633837901968,1.39628992140318e-06,"sig"
"610","errcon_v_con","lh_lateralorbitofrontal",-139.458547908413,-3.13591059601524,-101.191946303582,-12.7025609972232,30.1874194416429,0.864089403984586,0.649180356381232,"nonsig"
"810","uncon_v_con","lh_lateralorbitofrontal",-139.458547908413,19.8274731941817,-101.191946303582,0.694172391765861,30.1874194416429,27.8274731941813,1.35184668888011e-05,"sig"
"111","uncon","lh_lingual",-406.994808703917,NA,-349.59490629667,NA,1.56083730829725,NA,NA,NA
"211","uncon_v_timecon","lh_lingual",-410.765172018888,-3.77036331497135,-362.931920012849,-13.3370137161792,1.79047399332679,0.229636685029544,0.891528081947134,"nonsig"
"311","timecon_v_con","lh_lingual",-325.346920341743,85.4182516771449,-287.080318736912,75.851601275937,91.2087256704718,89.418251677145,3.82889412506968e-20,"sig"
"511","uncon_v_errcon","lh_lingual",-321.467939791319,85.526868912598,-273.634687785279,75.9602185113901,91.0877062209005,89.5268689126032,3.62649785223488e-20,"sig"
"611","errcon_v_con","lh_lingual",-325.346920341743,-3.87898055042444,-287.080318736912,-13.4456309516324,91.2087256704718,0.121019449571335,0.941284615182761,"nonsig"
"811","uncon_v_con","lh_lingual",-325.346920341743,81.6478883621735,-287.080318736912,62.5145875597577,91.2087256704718,89.6478883621746,1.56423086954501e-18,"sig"
"112","uncon","lh_medialorbitofrontal",-981.863818975662,NA,-924.463916568415,NA,0.37644431175424,NA,NA,NA
"212","uncon_v_timecon","lh_medialorbitofrontal",-982.043246416599,-0.17942744093682,-934.20999441056,-9.7460778421447,4.19701687081739,3.82057255906315,0.148038000279209,"nonsig"
"312","timecon_v_con","lh_medialorbitofrontal",-973.773229994159,8.27001642243977,-935.506628389328,-1.29663397876823,16.4670332932574,12.27001642244,0.00216570743471154,"sig"
"512","uncon_v_errcon","lh_medialorbitofrontal",-972.877459812814,8.98635916284877,-925.044207806774,-0.580291238359109,13.3628034746033,12.9863591628491,0.00151372832578683,"sig"
"612","errcon_v_con","lh_medialorbitofrontal",-973.773229994159,-0.895770181345824,-935.506628389328,-10.4624205825538,16.4670332932574,3.10422981865409,0.211799562948565,"nonsig"
"812","uncon_v_con","lh_medialorbitofrontal",-973.773229994159,8.09058898150295,-935.506628389328,-11.0427118209129,16.4670332932574,16.0905889815031,0.00289998471111848,"sig"
"113","uncon","lh_middletemporal",-7.30947649605724,NA,50.0904259111903,NA,3.91563688845329,NA,NA,NA
"213","uncon_v_timecon","lh_middletemporal",-7.51954722885488,-0.210070732797632,40.3137047771847,-9.77672113400554,7.70556615565093,3.78992926719764,0.150323651358951,"nonsig"
"313","timecon_v_con","lh_middletemporal",41.8080753250205,49.3276225538754,80.0746769298522,39.7609721526674,61.0331887095282,53.3276225538773,2.63059442823034e-12,"sig"
"513","uncon_v_errcon","lh_middletemporal",41.6941795865549,49.0036560826122,89.5274315925945,39.4370056814043,56.9192929710643,53.003656082611,3.09315954390055e-12,"sig"
"613","errcon_v_con","lh_middletemporal",41.8080753250205,0.113895738465573,80.0746769298522,-9.45275466274235,61.0331887095282,4.11389573846389,0.127843570331143,"nonsig"
"813","uncon_v_con","lh_middletemporal",41.8080753250205,49.1175518210777,80.0746769298522,29.9842510186619,61.0331887095282,57.1175518210749,1.16887388899945e-11,"sig"
"114","uncon","lh_parahippocampal",-4946.89535412435,NA,-4889.4954517171,NA,6.18435366039976,NA,NA,NA
"214","uncon_v_timecon","lh_parahippocampal",-4946.93260432409,-0.0372501997362633,-4899.09935231805,-9.60390060094414,10.1471034606638,3.96274980026404,0.137879536338116,"nonsig"
"314","timecon_v_con","lh_parahippocampal",-4942.31239683703,4.620207487058,-4904.0457952322,-4.94644291414988,18.7673109477203,8.62020748705649,0.0134321560227018,"sig"
"514","uncon_v_errcon","lh_parahippocampal",-4942.27031002691,4.62504409743906,-4894.43705802087,-4.94160630376882,14.8093977578389,8.6250440974391,0.013399712215387,"sig"
"614","errcon_v_con","lh_parahippocampal",-4942.31239683703,-0.0420868101173255,-4904.0457952322,-9.60873721132521,18.7673109477203,3.95791318988143,0.138213374635365,"nonsig"
"814","uncon_v_con","lh_parahippocampal",-4942.31239683703,4.58295728732173,-4904.0457952322,-14.550343515094,18.7673109477203,12.5829572873205,0.0135039602267148,"sig"
"115","uncon","lh_paracentral",-3119.2113605353,NA,-3061.81145812806,NA,8.54456934050387,NA,NA,NA
"215","uncon_v_timecon","lh_paracentral",-3121.63296766129,-2.42160712598434,-3073.79971565525,-11.9882575271922,10.1229622145185,1.57839287401465,0.45420963473037,"nonsig"
"315","timecon_v_con","lh_paracentral",-3113.07432449737,8.5586431639199,-3074.80772289254,-1.00800723728798,22.6816053784384,12.5586431639199,0.00187467197419659,"sig"
"515","uncon_v_errcon","lh_paracentral",-3110.43741887923,8.77394165607257,-3062.60416687319,-0.792708745135315,21.3185109965773,12.7739416560734,0.0016833476355433,"sig"
"615","errcon_v_con","lh_paracentral",-3113.07432449737,-2.63690561813701,-3074.80772289254,-12.2035560193449,22.6816053784384,1.36309438186111,0.505833765206956,"nonsig"
"815","uncon_v_con","lh_paracentral",-3113.07432449737,6.13703603793556,-3074.80772289254,-12.9962647644802,22.6816053784384,14.1370360379345,0.00687029526813235,"sig"
"116","uncon","lh_parsopercularis",-1450.03203959772,NA,-1392.63213719047,NA,1.33089958604927,NA,NA,NA
"216","uncon_v_timecon","lh_parsopercularis",-1449.55943389159,0.472605706134345,-1401.72618188555,-9.09404469507353,5.80350529218324,4.47260570613396,0.106852825594787,"nonsig"
"316","timecon_v_con","lh_parsopercularis",-1447.81015956198,1.74927432960226,-1409.54355795715,-7.81737607160562,11.5527796217872,5.74927432960397,0.0564366129789495,"nonsig"
"516","uncon_v_errcon","lh_parsopercularis",-1448.48892175741,1.54311784030665,-1400.65566975137,-8.02353256090123,6.87401742635713,5.54311784030786,0.0625643957821302,"nonsig"
"616","errcon_v_con","lh_parsopercularis",-1447.81015956198,0.678762195429954,-1409.54355795715,-8.88788820577793,11.5527796217872,4.67876219543008,0.0963872740783764,"nonsig"
"816","uncon_v_con","lh_parsopercularis",-1447.81015956198,2.2218800357366,-1409.54355795715,-16.9114207666792,11.5527796217872,10.2218800357379,0.0368514833494464,"sig"
"117","uncon","lh_parsorbitalis",-4736.59330733557,NA,-4679.19340492833,NA,1.87253604001134,NA,NA,NA
"217","uncon_v_timecon","lh_parsorbitalis",-4739.59948936668,-3.00618203110116,-4691.76623736064,-12.572832432309,2.86635400890781,0.993817968896469,0.608408355913489,"nonsig"
"317","timecon_v_con","lh_parsorbitalis",-4716.41742004842,23.1820693182563,-4678.15081844359,13.6154189170484,30.0484233271643,27.1820693182565,1.25166654436385e-06,"sig"
"517","uncon_v_errcon","lh_parsorbitalis",-4713.49557718456,23.0977301510129,-4665.66232517852,13.531079749805,28.9702661910222,27.0977301510109,1.30557751414659e-06,"sig"
"617","errcon_v_con","lh_parsorbitalis",-4716.41742004842,-2.92184286385782,-4678.15081844359,-12.4884932650657,30.0484233271643,1.07815713614211,0.583285462683622,"nonsig"
"817","uncon_v_con","lh_parsorbitalis",-4716.41742004842,20.1758872871551,-4678.15081844359,1.04258648473933,30.0484233271643,28.175887287153,1.14898369951622e-05,"sig"
"118","uncon","lh_parstriangularis",-2214.12046487305,NA,-2156.72056246581,NA,2.01813998804155,NA,NA,NA
"218","uncon_v_timecon","lh_parstriangularis",-2216.19862349953,-2.07815862648067,-2168.36537149349,-11.6448090276886,3.93998136156175,1.9218413735202,0.382540523796945,"nonsig"
"318","timecon_v_con","lh_parstriangularis",-2175.53144744102,40.6671760585182,-2137.26484583618,31.1005256573103,48.6071574200795,44.6671760585178,1.99823222196371e-10,"sig"
"518","uncon_v_errcon","lh_parstriangularis",-2173.7173557797,40.4031090933486,-2125.88410377366,30.8364586921407,46.4212490813907,44.4031090933492,2.28027576055785e-10,"sig"
"618","errcon_v_con","lh_parstriangularis",-2175.53144744102,-1.81409166131107,-2137.26484583618,-11.3807420625189,48.6071574200795,2.1859083386888,0.335224718904579,"nonsig"
"818","uncon_v_con","lh_parstriangularis",-2175.53144744102,38.5890174320375,-2137.26484583618,19.4557166296217,48.6071574200795,46.589017432038,1.85708390970098e-09,"sig"
"119","uncon","lh_pericalcarine",-2236.20812179828,NA,-2178.80821939103,NA,2.1575260117624,NA,NA,NA
"219","uncon_v_timecon","lh_pericalcarine",-2239.2850303743,-3.07690857602893,-2191.45177836827,-12.6435589772368,3.08061743573623,0.92309142397383,0.630308616560018,"nonsig"
"319","timecon_v_con","lh_pericalcarine",-2163.55911590819,75.7259144661157,-2125.29251430336,66.1592640649078,82.8065319018506,79.7259144661144,4.87234061551149e-18,"sig"
"519","uncon_v_errcon","lh_pericalcarine",-2160.25952404393,75.9485977543432,-2112.42627203789,66.3819473531353,82.1061237661054,79.948597754343,4.35895694839677e-18,"sig"
"619","errcon_v_con","lh_pericalcarine",-2163.55911590819,-3.2995918642564,-2125.29251430336,-12.8662422654643,82.8065319018506,0.700408135745207,0.704544300191306,"nonsig"
"819","uncon_v_con","lh_pericalcarine",-2163.55911590819,72.6490058900868,-2125.29251430336,53.515705087671,82.8065319018506,80.6490058900882,1.26910783127637e-16,"sig"
"120","uncon","lh_postcentral",951.824706807849,NA,1009.2246092151,NA,0.395941191137586,NA,NA,NA
"220","uncon_v_timecon","lh_postcentral",948.294331990688,-3.53037481716069,996.127583996728,-13.0970252183686,0.865566373975758,0.469625182838172,0.790719023273849,"nonsig"
"320","timecon_v_con","lh_postcentral",1006.28266451248,57.9883325217936,1044.54926611731,48.4216821205857,62.853898895771,61.9883325217953,3.46261831393433e-14,"sig"
"520","uncon_v_errcon","lh_postcentral",1009.85962121425,58.0349144064057,1057.69287322029,48.4682640051979,62.4308555975446,62.034914406407,3.38290260116007e-14,"sig"
"620","errcon_v_con","lh_postcentral",1006.28266451248,-3.57695670177281,1044.54926611731,-13.1436071029807,62.853898895771,0.423043298226411,0.809351759115203,"nonsig"
"820","uncon_v_con","lh_postcentral",1006.28266451248,54.4579577046329,1044.54926611731,35.3246569022172,62.853898895771,62.4579577046334,8.8241595996982e-13,"sig"
"121","uncon","lh_posteriorcingulate",-2428.81178061301,NA,-2371.41187820576,NA,6.68640624276068,NA,NA,NA
"221","uncon_v_timecon","lh_posteriorcingulate",-2431.40538994849,-2.59360933548714,-2383.57213794245,-12.1602597366955,8.09279690727304,1.40639066451235,0.495001081159029,"nonsig"
"321","timecon_v_con","lh_posteriorcingulate",-1963.39074875822,468.014641190272,-1925.12414715339,458.447990789065,480.107438097546,472.014641190273,3.18656643118102e-103,"sig"
"521","uncon_v_errcon","lh_posteriorcingulate",-1961.37868730587,467.433093307133,-1913.54543529983,457.866442905925,478.119499549893,471.433093307133,4.26191216596062e-103,"sig"
"621","errcon_v_con","lh_posteriorcingulate",-1963.39074875822,-2.01206145234801,-1925.12414715339,-11.5787118535559,480.107438097546,1.98793854765279,0.370104724639277,"nonsig"
"821","uncon_v_con","lh_posteriorcingulate",-1963.39074875822,465.421031854785,-1925.12414715339,446.287731052369,480.107438097546,473.421031854785,3.74953592401226e-101,"sig"
"122","uncon","lh_precentral",899.369873449211,NA,956.769775856458,NA,19.445500414288,NA,NA,NA
"222","uncon_v_timecon","lh_precentral",895.530857134551,-3.8390163146604,943.36410914059,-13.4056667158683,19.606484099627,0.160983685338994,0.922662430015443,"nonsig"
"322","timecon_v_con","lh_precentral",943.380485919433,47.8496287848822,981.647087524264,38.2829783836742,71.4561128845097,51.8496287848827,5.50802832562827e-12,"sig"
"522","uncon_v_errcon","lh_precentral",947.084035065855,47.7141616166441,994.917287071895,38.1475112154362,71.1596620309318,51.7141616166438,5.89403196496469e-12,"sig"
"622","errcon_v_con","lh_precentral",943.380485919433,-3.70354914642235,981.647087524264,-13.2701995476303,71.4561128845097,0.296450853577852,0.862236721776671,"nonsig"
"822","uncon_v_con","lh_precentral",943.380485919433,44.0106124702218,981.647087524264,24.8773116678059,71.4561128845097,52.0106124702217,1.37242338143375e-10,"sig"
"123","uncon","lh_precuneus",580.267200403643,NA,637.66710281089,NA,3.77104190378853,NA,NA,NA
"223","uncon_v_timecon","lh_precuneus",576.332555670389,-3.93464473325378,624.165807676428,-13.5012951344617,3.83639717053268,0.0653552667441497,0.967850512010698,"nonsig"
"323","timecon_v_con","lh_precuneus",663.662892071791,87.3303364014025,701.929493676623,77.7636860001945,95.1667335719337,91.330336401401,1.47186993816839e-20,"sig"
"523","uncon_v_errcon","lh_precuneus",667.545394145415,87.2781937417724,715.378646151455,77.7115433405645,95.049235645557,91.2781937417684,1.5107481459138e-20,"sig"
"623","errcon_v_con","lh_precuneus",663.662892071791,-3.88250207362364,701.929493676623,-13.4491524748316,95.1667335719337,0.117497926376743,0.942943452965661,"nonsig"
"823","uncon_v_con","lh_precuneus",663.662892071791,83.3956916681487,701.929493676623,64.2623908657329,95.1667335719337,91.3956916681452,6.65234197044528e-19,"sig"
"124","uncon","lh_rostralanteriorcingulate",-2742.84474260458,NA,-2685.44484019734,NA,1.62484350505632,NA,NA,NA
"224","uncon_v_timecon","lh_rostralanteriorcingulate",-2746.76517060445,-3.92042799986348,-2698.93191859841,-13.4870784010714,1.70441550519237,0.0795720001360456,0.960995070028658,"nonsig"
"324","timecon_v_con","lh_rostralanteriorcingulate",-2731.31277466263,15.4523959418225,-2693.04617305779,5.88574554061461,21.1568114470131,19.4523959418207,5.96988398405988e-05,"sig"
"524","uncon_v_errcon","lh_rostralanteriorcingulate",-2727.57600105894,15.2687415456453,-2679.7427490529,5.70209114443742,20.8935850507016,19.2687415456453,6.54403987171304e-05,"sig"
"624","errcon_v_con","lh_rostralanteriorcingulate",-2731.31277466263,-3.73677360368629,-2693.04617305779,-13.3034240048942,21.1568114470131,0.263226396311413,0.876680030958124,"nonsig"
"824","uncon_v_con","lh_rostralanteriorcingulate",-2731.31277466263,11.531967941959,-2693.04617305779,-7.60133286045675,21.1568114470131,19.5319679419567,0.000617647630875134,"sig"
"125","uncon","lh_rostralmiddlefrontal",3058.36610112767,NA,3115.76600353492,NA,2.75366419537474,NA,NA,NA
"225","uncon_v_timecon","lh_rostralmiddlefrontal",3054.93677018474,-3.4293309429363,3102.77002219078,-12.9959813441442,3.32433325243787,0.570669057063129,0.751762726169187,"nonsig"
"325","timecon_v_con","lh_rostralmiddlefrontal",3098.42275875031,43.4859885655751,3136.68936035514,33.9193381643672,50.8103218180143,47.4859885655764,4.88144723352889e-11,"sig"
"525","uncon_v_errcon","lh_rostralmiddlefrontal",3101.34518246821,42.9790813405325,3149.17843447425,33.4124309393246,49.7327455359072,46.9790813405324,6.28958664708541e-11,"sig"
"625","errcon_v_con","lh_rostralmiddlefrontal",3098.42275875031,-2.92242371789371,3136.68936035514,-12.4890741191016,50.8103218180143,1.07757628210712,0.583454889142714,"nonsig"
"825","uncon_v_con","lh_rostralmiddlefrontal",3098.42275875031,40.0566576226388,3136.68936035514,20.923356820223,50.8103218180143,48.0566576226395,9.18462099560946e-10,"sig"
"126","uncon","lh_superiorfrontal",2791.16136071788,NA,2848.56126312513,NA,8.26882723788244,NA,NA,NA
"226","uncon_v_timecon","lh_superiorfrontal",2787.46567931378,-3.6956814041082,2835.29893131982,-13.2623318053165,8.57314583377387,0.304318595891427,0.858851456570803,"nonsig"
"326","timecon_v_con","lh_superiorfrontal",2849.09614361097,61.6304642971918,2887.3627452158,52.0638138959839,74.2036101309657,65.6304642971918,5.60435652571594e-15,"sig"
"526","uncon_v_errcon","lh_superiorfrontal",2852.90160218708,61.7402414691942,2900.73485419312,52.1735910679859,74.00906870708,65.7402414691975,5.30503123723682e-15,"sig"
"626","errcon_v_con","lh_superiorfrontal",2849.09614361097,-3.8054585761106,2887.3627452158,-13.3721089773185,74.2036101309657,0.194541423885724,0.907310353135697,"nonsig"
"826","uncon_v_con","lh_superiorfrontal",2849.09614361097,57.9347828930836,2887.3627452158,38.8014820906674,74.2036101309657,65.9347828930833,1.63495576949819e-13,"sig"
"127","uncon","lh_superiorparietal",2168.81983482086,NA,2226.21973722811,NA,7.42524047865198,NA,NA,NA
"227","uncon_v_timecon","lh_superiorparietal",2165.86693279807,-2.95290202279466,2213.70018480411,-12.519552424003,8.47233845585729,1.04709797720531,0.592414340984393,"nonsig"
"327","timecon_v_con","lh_superiorparietal",2196.16146347564,30.2945306775723,2234.42806508047,20.7278802763644,42.7668691334308,34.2945306775735,3.57303510891481e-08,"sig"
"527","uncon_v_errcon","lh_superiorparietal",2199.43271683235,30.61288201149,2247.26596883839,21.0462316102817,42.0381224901434,34.6128820114914,3.04725059010876e-08,"sig"
"627","errcon_v_con","lh_superiorparietal",2196.16146347564,-3.27125335671235,2234.42806508047,-12.8379037579202,42.7668691334308,0.728746643287401,0.694631825237034,"nonsig"
"827","uncon_v_con","lh_superiorparietal",2196.16146347564,27.3416286547777,2234.42806508047,8.20832785236144,42.7668691334308,35.3416286547788,3.95208345597096e-07,"sig"
"128","uncon","lh_superiortemporal",-68.8083439046369,NA,-11.4084414973894,NA,15.8480881267571,NA,NA,NA
"228","uncon_v_timecon","lh_superiortemporal",-71.5203673518868,-2.71202344724993,-23.6871153458472,-12.2786738484578,17.1360646795012,1.2879765527441,0.525193624205995,"nonsig"
"328","timecon_v_con","lh_superiortemporal",-29.4589416540638,42.061425697823,8.80765995076786,32.4947752966151,63.1974903773248,46.0614256978236,9.9514988102541e-11,"sig"
"528","uncon_v_errcon","lh_superiortemporal",-26.8724356902275,41.9359082144094,20.9608163158121,32.3692578132015,61.7839963411677,45.9359082144106,1.05960566285593e-10,"sig"
"628","errcon_v_con","lh_superiortemporal",-29.4589416540638,-2.58650596383632,8.80765995076786,-12.1531563650442,63.1974903773248,1.41349403615708,0.493246111232761,"nonsig"
"828","uncon_v_con","lh_superiortemporal",-29.4589416540638,39.3494022505731,8.80765995076786,20.2161014481573,63.1974903773248,47.3494022505677,1.2896143039202e-09,"sig"
"129","uncon","lh_supramarginal",1769.27882855202,NA,1826.67873095927,NA,4.18701809946459,NA,NA,NA
"229","uncon_v_timecon","lh_supramarginal",1766.20302776559,-3.07580078643696,1814.03627977163,-12.6424511876448,5.11121731302482,0.924199213560231,0.629959588570513,"nonsig"
"329","timecon_v_con","lh_supramarginal",1790.0531298362,23.8501020706185,1828.31973144104,14.2834516694106,32.9613193836431,27.8501020706183,8.96245885974081e-07,"sig"
"529","uncon_v_errcon","lh_supramarginal",1793.04363922151,23.7648106694876,1840.87689122755,14.1981602682797,31.9518287689513,27.7648106694867,9.35293610765449e-07,"sig"
"629","errcon_v_con","lh_supramarginal",1790.0531298362,-2.99050938530604,1828.31973144104,-12.5571597865139,32.9613193836431,1.00949061469182,0.603659303439672,"nonsig"
"829","uncon_v_con","lh_supramarginal",1790.0531298362,20.7743012841815,1828.31973144104,1.64100048176579,32.9613193836431,28.7743012841785,8.68756508898976e-06,"sig"
"130","uncon","lh_frontalpole",-7342.24854038407,NA,-7284.84863797682,NA,2.94329416610291,NA,NA,NA
"230","uncon_v_timecon","lh_frontalpole",-7346.15006706074,-3.90152667667644,-7298.3168150547,-13.4681770778843,3.04176748942858,0.0984733233256758,0.951955811592158,"nonsig"
"330","timecon_v_con","lh_frontalpole",-7345.40625206475,0.74381499599167,-7307.13965045992,-8.82283540521621,7.78558248541927,4.74381499599069,0.0933025819390801,"nonsig"
"530","uncon_v_errcon","lh_frontalpole",-7341.72836632302,0.520174061046419,-7293.89511431698,-9.04647634016146,7.46346822715026,4.52017406104736,0.104341403472611,"nonsig"
"630","errcon_v_con","lh_frontalpole",-7345.40625206475,-3.67788574173119,-7307.13965045992,-13.2445361429391,7.78558248541927,0.322114258269005,0.851243438917091,"nonsig"
"830","uncon_v_con","lh_frontalpole",-7345.40625206475,-3.15771168068477,-7307.13965045992,-22.2910124831005,7.78558248541927,4.84228831931636,0.303865802274635,"nonsig"
"131","uncon","lh_temporalpole",-5388.38727246171,NA,-5330.98737005446,NA,2.57997175858085,NA,NA,NA
"231","uncon_v_timecon","lh_temporalpole",-5390.06676157545,-1.67948911374151,-5342.23350956941,-11.2461395149494,4.90048264484028,2.32051088625943,0.313406113218241,"nonsig"
"331","timecon_v_con","lh_temporalpole",-5392.33618860345,-2.26942702800261,-5354.06958699862,-11.8360774292105,6.63105561683679,1.73057297199651,0.42093094453004,"nonsig"
"531","uncon_v_errcon","lh_temporalpole",-5390.49450817976,-2.10723571805192,-5342.66125617372,-11.6738861192598,4.47273604052969,1.89276428194884,0.388142732019859,"nonsig"
"631","errcon_v_con","lh_temporalpole",-5392.33618860345,-1.8416804236922,-5354.06958699862,-11.4083308249001,6.63105561683679,2.1583195763071,0.339880977731906,"nonsig"
"831","uncon_v_con","lh_temporalpole",-5392.33618860345,-3.94891614174412,-5354.06958699862,-23.0822169441599,6.63105561683679,4.05108385825594,0.399136544610729,"nonsig"
"132","uncon","lh_transversetemporal",-6284.99675041745,NA,-6227.5968480102,NA,1.49336198563854,NA,NA,NA
"232","uncon_v_timecon","lh_transversetemporal",-6284.97263523575,0.0241151816981073,-6237.13938322971,-9.54253521950977,5.5174771673359,4.02411518169735,0.13371326423614,"nonsig"
"332","timecon_v_con","lh_transversetemporal",-6271.20710066149,13.7655345742623,-6232.94049905666,4.19888417305447,23.2830117415991,17.7655345742632,0.000138759645986382,"sig"
"532","uncon_v_errcon","lh_transversetemporal",-6271.49971226418,13.4970381532648,-6223.66646025814,3.93038775205696,18.990400138905,17.4970381532664,0.000158696168044118,"sig"
"632","errcon_v_con","lh_transversetemporal",-6271.20710066149,0.292611602695615,-6232.94049905666,-9.27403879851227,23.2830117415991,4.29261160269414,0.116915269207586,"nonsig"
"832","uncon_v_con","lh_transversetemporal",-6271.20710066149,13.7896497559605,-6232.94049905666,-5.34365104645531,23.2830117415991,21.7896497559606,0.000220696642747263,"sig"
"133","uncon","lh_insula",-675.86080658365,NA,-618.460904176402,NA,4.41199649592603,NA,NA,NA
"233","uncon_v_timecon","lh_insula",-678.359504552951,-2.49869796930079,-630.526252546911,-12.0653483705087,5.91329852662496,1.50130203069893,0.472059134942317,"nonsig"
"333","timecon_v_con","lh_insula",-681.268544524622,-2.90903997167118,-643.00194291979,-12.4756903728792,7.00425855495289,1.09096002832793,0.579563517862013,"nonsig"
"533","uncon_v_errcon","lh_insula",-678.656391831309,-2.79558524765889,-630.823139825269,-12.3622356488668,5.61641124826642,1.20441475234039,0.547601538428313,"nonsig"
"633","errcon_v_con","lh_insula",-681.268544524622,-2.61215269331308,-643.00194291979,-12.1788030945211,7.00425855495289,1.38784730668647,0.499611914296847,"nonsig"
"833","uncon_v_con","lh_insula",-681.268544524622,-5.40773794097197,-643.00194291979,-24.5410387433878,7.00425855495289,2.59226205902686,0.628194476762068,"nonsig"
"134","uncon","rh_bankssts",-3811.08672291841,NA,-3753.68682051117,NA,6.12263462215317,NA,NA,NA
"234","uncon_v_timecon","rh_bankssts",-3807.23906150587,3.84766141254158,-3759.40580949983,-5.7189889886663,13.970296034695,7.84766141254183,0.0197652347297941,"sig"
"334","timecon_v_con","rh_bankssts",-3800.6066191105,6.63244239537335,-3762.34001750567,-2.93420800583453,24.6027384300678,10.6324423953728,0.00491127745104311,"sig"
"534","uncon_v_errcon","rh_bankssts",-3804.02809588678,7.05862703163166,-3756.19484388074,-2.50802336957622,17.1812616537826,11.0586270316295,0.00396871261260065,"sig"
"634","errcon_v_con","rh_bankssts",-3800.6066191105,3.42147677628327,-3762.34001750567,-6.14517362492461,24.6027384300678,7.42147677628515,0.0244594560298488,"sig"
"834","uncon_v_con","rh_bankssts",-3800.6066191105,10.4801038079149,-3762.34001750567,-8.65319699450083,24.6027384300678,18.4801038079146,0.000994027967274017,"sig"
"135","uncon","rh_caudalanteriorcingulate",-3614.40450620296,NA,-3557.00460379571,NA,9.69542970378945,NA,NA,NA
"235","uncon_v_timecon","rh_caudalanteriorcingulate",-3612.42408723144,1.98041897151825,-3564.5908352254,-7.58623142968963,15.6758486753096,5.9804189715201,0.050276903325026,"nonsig"
"335","timecon_v_con","rh_caudalanteriorcingulate",-3612.74881839151,-0.324731160068495,-3574.48221678668,-9.89138156127638,19.3511175152406,3.67526883993101,0.159193566158542,"nonsig"
"535","uncon_v_errcon","rh_caudalanteriorcingulate",-3614.5080375675,-0.103531364537048,-3566.67478556146,-9.67018176574493,13.591898339255,3.89646863546557,0.142525504301618,"nonsig"
"635","errcon_v_con","rh_caudalanteriorcingulate",-3612.74881839151,1.7592191759868,-3574.48221678668,-7.80743122522108,19.3511175152406,5.75921917598553,0.0561566827981977,"nonsig"
"835","uncon_v_con","rh_caudalanteriorcingulate",-3612.74881839151,1.65568781144975,-3574.48221678668,-17.477612990966,19.3511175152406,9.6556878114511,0.0466446612331336,"sig"
"136","uncon","rh_caudalmiddlefrontal",42.9219444224407,NA,100.321846829688,NA,14.092326971117,NA,NA,NA
"236","uncon_v_timecon","rh_caudalmiddlefrontal",40.2258375513161,-2.69610687112457,88.0590895573557,-12.2627572723325,15.3962200999927,1.3038931288757,0.521030569420857,"nonsig"
"336","timecon_v_con","rh_caudalmiddlefrontal",48.6240089382393,8.39817138692325,86.890610543071,-1.16847901428467,27.7943914869166,12.3981713869239,0.00203128700651142,"sig"
"536","uncon_v_errcon","rh_caudalmiddlefrontal",51.0895142459377,8.16756982349706,98.9227662519773,-1.39908057771085,26.2598967946133,12.1675698234964,0.00227953247527078,"sig"
"636","errcon_v_con","rh_caudalmiddlefrontal",48.6240089382393,-2.46550530769839,86.890610543071,-12.0321557089063,27.7943914869166,1.53449469230324,0.464289338775098,"nonsig"
"836","uncon_v_con","rh_caudalmiddlefrontal",48.6240089382393,5.70206451579867,86.890610543071,-13.4312362866171,27.7943914869166,13.7020645157996,0.00830923911461089,"sig"
"137","uncon","rh_cuneus",-1957.18911922285,NA,-1899.7892168156,NA,1.15899783120656,NA,NA,NA
"237","uncon_v_timecon","rh_cuneus",-1958.04113477407,-0.852015551216255,-1910.20788276803,-10.4186659524241,4.30698227998748,3.14798444878092,0.207216274998701,"nonsig"
"337","timecon_v_con","rh_cuneus",-1890.96656827431,67.0745664997626,-1852.69996666947,57.5079160985547,75.381548779753,71.0745664997656,3.68429148824389e-16,"sig"
"537","uncon_v_errcon","rh_cuneus",-1890.90977345484,66.2793457680173,-1843.0765214488,56.7126953668094,71.4383435992215,70.2793457680149,5.48319852918149e-16,"sig"
"637","errcon_v_con","rh_cuneus",-1890.96656827431,-0.0567948194709516,-1852.69996666947,-9.62344522067883,75.381548779753,3.94320518053156,0.139233543002369,"nonsig"
"837","uncon_v_con","rh_cuneus",-1890.96656827431,66.2225509485463,-1852.69996666947,47.0892501461306,75.381548779753,74.2225509485465,2.90958687337868e-15,"sig"
"138","uncon","rh_entorhinal",-4695.98315119172,NA,-4638.58324878448,NA,15.2276064791331,NA,NA,NA
"238","uncon_v_timecon","rh_entorhinal",-4699.8160944721,-3.83294328038119,-4651.98284246607,-13.3995936815891,15.3946631987523,0.167056719619231,0.919864999105073,"nonsig"
"338","timecon_v_con","rh_entorhinal",-4698.93516321227,0.880931259839599,-4660.66856160743,-8.68571914136828,20.2755944585921,4.88093125983977,0.0871202762089568,"nonsig"
"538","uncon_v_errcon","rh_entorhinal",-4695.26053855372,0.722612638007377,-4647.42728654768,-8.8440377632005,19.950219117141,4.72261263800793,0.0942969607919216,"nonsig"
"638","errcon_v_con","rh_entorhinal",-4698.93516321227,-3.67462465854896,-4660.66856160743,-13.2412750597568,20.2755944585921,0.325375341451071,0.849856582057004,"nonsig"
"838","uncon_v_con","rh_entorhinal",-4698.93516321227,-2.95201202054159,-4660.66856160743,-22.0853128229573,20.2755944585921,5.047987979459,0.282408976560155,"nonsig"
"139","uncon","rh_fusiform",-692.535705700091,NA,-635.135803292843,NA,6.56034142985513,NA,NA,NA
"239","uncon_v_timecon","rh_fusiform",-695.410665160149,-2.87495946005788,-647.577413154109,-12.4416098612658,7.68538196980316,1.12504053994803,0.569771275364926,"nonsig"
"339","timecon_v_con","rh_fusiform",-627.67750249798,67.7331626621684,-589.410900893149,58.1665122609604,79.4185446319707,71.7331626621675,2.65058443401691e-16,"sig"
"539","uncon_v_errcon","rh_fusiform",-624.488864746908,68.0468409531828,-576.655612740868,58.4801905519749,78.607182383041,72.0468409531859,2.26582971356646e-16,"sig"
"639","errcon_v_con","rh_fusiform",-627.67750249798,-3.18863775107229,-589.410900893149,-12.7552881522803,79.4185446319707,0.811362248929697,0.666522671315446,"nonsig"
"839","uncon_v_con","rh_fusiform",-627.67750249798,64.8582032021105,-589.410900893149,45.7249023996947,79.4185446319707,72.8582032021156,5.65264350863427e-15,"sig"
"140","uncon","rh_inferiorparietal",1844.65989748695,NA,1902.0597998942,NA,2.77254583921198,NA,NA,NA
"240","uncon_v_timecon","rh_inferiorparietal",1845.0690669059,0.409169418946021,1892.90231891194,-9.15748098226186,7.18171525815963,4.40916941894765,0.110296320811712,"nonsig"
"340","timecon_v_con","rh_inferiorparietal",1910.50310980202,65.4340428961232,1948.76971140685,55.8673924949153,76.6157581542849,69.4340428961252,8.36737353237483e-16,"sig"
"540","uncon_v_errcon","rh_inferiorparietal",1909.78064851799,65.1207510310339,1957.61390052403,55.5541006298261,71.8932968702531,69.1207510310412,9.78632470014221e-16,"sig"
"640","errcon_v_con","rh_inferiorparietal",1910.50310980202,0.722461284035262,1948.76971140685,-8.84418911717262,76.6157581542849,4.72246128403174,0.0943040971719275,"nonsig"
"840","uncon_v_con","rh_inferiorparietal",1910.50310980202,65.8432123150692,1948.76971140685,46.7099115126534,76.6157581542849,73.8432123150729,3.49974906544918e-15,"sig"
"141","uncon","rh_inferiortemporal",184.743465506659,NA,242.143367913907,NA,6.11402033058225,NA,NA,NA
"241","uncon_v_timecon","rh_inferiortemporal",183.143254485092,-1.60021102156765,230.976506491131,-11.1668614227756,8.51380930901425,2.399788978432,0.301225992826222,"nonsig"
"341","timecon_v_con","rh_inferiortemporal",257.536729131872,74.3934746467804,295.803330736704,64.8268242455725,86.9072839557931,78.3934746467789,9.48578488887235e-18,"sig"
"541","uncon_v_errcon","rh_inferiortemporal",258.505977875979,73.7625123693199,306.339229882019,64.195861968112,83.8765326998991,77.7625123693169,1.30042404044748e-17,"sig"
"641","errcon_v_con","rh_inferiortemporal",257.536729131872,-0.969248744107119,295.803330736704,-10.535899145315,86.9072839557931,3.030751255894,0.219725634255679,"nonsig"
"841","uncon_v_con","rh_inferiortemporal",257.536729131872,72.7932636252128,295.803330736704,53.659962822797,86.9072839557931,80.7932636252109,1.18285285654026e-16,"sig"
"142","uncon","rh_isthmuscingulate",-2890.24225546322,NA,-2832.84235305598,NA,22.1392257097724,NA,NA,NA
"242","uncon_v_timecon","rh_isthmuscingulate",-2890.28966307051,-0.0474076072864591,-2842.45641106447,-9.61405800849479,26.0918181024877,3.95259239271532,0.138581566853268,"nonsig"
"342","timecon_v_con","rh_isthmuscingulate",-2763.6864562014,126.603206869108,-2725.41985459657,117.0365564679,156.695024971595,130.603206869107,4.36389174928067e-29,"sig"
"542","uncon_v_errcon","rh_isthmuscingulate",-2761.14192344505,129.100332018177,-2713.30867143901,119.533681616968,155.23955772795,133.100332018177,1.25207438986603e-29,"sig"
"642","errcon_v_con","rh_isthmuscingulate",-2763.6864562014,-2.54453275635478,-2725.41985459657,-12.1111831575627,156.695024971595,1.45546724364516,0.48300241669992,"nonsig"
"842","uncon_v_con","rh_isthmuscingulate",-2763.6864562014,126.555799261822,-2725.41985459657,107.422498459406,156.695024971595,134.555799261822,4.12913982002669e-28,"sig"
"143","uncon","rh_lateraloccipital",1113.3539127985,NA,1170.75381520574,NA,3.96332064818809,NA,NA,NA
"243","uncon_v_timecon","rh_lateraloccipital",1109.94362849845,-3.41028430004303,1157.77688050449,-12.9769347012509,4.55303634814435,0.589715699956264,0.744637430169942,"nonsig"
"343","timecon_v_con","rh_lateraloccipital",1144.62992184069,34.6862933422383,1182.89652344552,25.1196429410304,43.2393296903836,38.6862933422392,3.97537532815757e-09,"sig"
"543","uncon_v_errcon","rh_lateraloccipital",1147.90565245125,34.5517396527559,1195.73890445729,24.9850892515481,42.515060300943,38.5517396527549,4.25202785107071e-09,"sig"
"643","errcon_v_con","rh_lateraloccipital",1144.62992184069,-3.27573061056069,1182.89652344552,-12.8423810117686,43.2393296903836,0.724269389440558,0.696188588598926,"nonsig"
"843","uncon_v_con","rh_lateraloccipital",1144.62992184069,31.2760090421953,1182.89652344552,12.1427082397795,43.2393296903836,39.2760090421955,6.10928948150065e-08,"sig"
"144","uncon","rh_lateralorbitofrontal",473.82626884124,NA,531.226171248487,NA,3.87473765294883,NA,NA,NA
"244","uncon_v_timecon","rh_lateralorbitofrontal",472.975225412172,-0.851043429067943,520.808477418212,-10.4176938302759,7.02369422388077,3.14895657093194,0.207115579707225,"nonsig"
"344","timecon_v_con","rh_lateralorbitofrontal",486.860515550733,13.8852901385611,525.127117155565,4.31863973735312,24.9089843624417,17.8852901385609,0.00013069488555468,"sig"
"544","uncon_v_errcon","rh_lateralorbitofrontal",489.158979894303,15.3327110530631,536.992231900343,5.76606065185524,23.2074487060118,19.332711053063,6.33804232004473e-05,"sig"
"644","errcon_v_con","rh_lateralorbitofrontal",486.860515550733,-2.29846434357,525.127117155565,-11.865114744778,24.9089843624417,1.70153565642985,0.427086876665665,"nonsig"
"844","uncon_v_con","rh_lateralorbitofrontal",486.860515550733,13.0342467094931,525.127117155565,-6.09905409292276,24.9089843624417,21.0342467094929,0.000311756401525772,"sig"
"145","uncon","rh_lingual",-247.427233455814,NA,-190.027331048567,NA,5.70499244864746,NA,NA,NA
"245","uncon_v_timecon","rh_lingual",-249.663255793074,-2.2360223372599,-201.830003787035,-11.8026727384678,7.46897011139223,1.76397766274477,0.413958798197121,"nonsig"
"345","timecon_v_con","rh_lingual",-226.695710988969,22.9675448041051,-188.429109384137,13.4008944028972,34.436514915494,26.9675448041017,1.39338795034626e-06,"sig"
"545","uncon_v_errcon","rh_lingual",-224.461598360274,22.9656350955406,-176.628346354234,13.3989846943327,32.6706275441937,26.9656350955463,1.39471906820183e-06,"sig"
"645","errcon_v_con","rh_lingual",-226.695710988969,-2.23411262869541,-188.429109384137,-11.8007630299033,34.436514915494,1.76588737130021,0.413563716520595,"nonsig"
"845","uncon_v_con","rh_lingual",-226.695710988969,20.7315224668452,-188.429109384137,1.59822166442939,34.436514915494,28.7315224668465,8.8630510021052e-06,"sig"
"146","uncon","rh_medialorbitofrontal",-1150.55463173241,NA,-1093.15472932516,NA,5.8180251416936,NA,NA,NA
"246","uncon_v_timecon","rh_medialorbitofrontal",-1154.26714503817,-3.71251330575615,-1106.43389303213,-13.279163706964,6.10551183593605,0.287486694242451,0.866110009163196,"nonsig"
"346","timecon_v_con","rh_medialorbitofrontal",-1148.58611655554,5.68102848262788,-1110.31951495071,-3.88562191858,15.786540318565,9.68102848262899,0.007902988963032,"sig"
"546","uncon_v_errcon","rh_medialorbitofrontal",-1145.25290886013,5.30172287228493,-1097.41965685409,-4.26492752892295,15.1197480139774,9.30172287228382,0.00955336876774712,"sig"
"646","errcon_v_con","rh_medialorbitofrontal",-1148.58611655554,-3.33320769541319,-1110.31951495071,-12.8998580966211,15.786540318565,0.666792304587622,0.716486300235475,"nonsig"
"846","uncon_v_con","rh_medialorbitofrontal",-1148.58611655554,1.96851517687173,-1110.31951495071,-17.164785625544,15.786540318565,9.96851517687144,0.0409613924898632,"sig"
"147","uncon","rh_middletemporal",75.4269324809923,NA,132.82683488824,NA,3.63249413769152,NA,NA,NA
"247","uncon_v_timecon","rh_middletemporal",74.3849317163486,-1.04200076464369,122.218183722388,-10.6086511658516,6.59049337304749,2.95799923535597,0.22786552704698,"nonsig"
"347","timecon_v_con","rh_middletemporal",160.125063958492,85.7401322421437,198.391665563324,76.1734818409358,96.3306256151924,89.740132242145,3.25970186521462e-20,"sig"
"547","uncon_v_errcon","rh_middletemporal",160.513882053117,85.0869495721243,208.347134059156,75.5202991709164,92.7194437098152,89.0869495721237,4.51871234493479e-20,"sig"
"647","errcon_v_con","rh_middletemporal",160.125063958492,-0.38881809462427,198.391665563324,-9.95546849583218,96.3306256151924,3.61118190537725,0.164377288668477,"nonsig"
"847","uncon_v_con","rh_middletemporal",160.125063958492,84.6981314775,198.391665563324,65.5648306750842,96.3306256151924,92.6981314775009,3.5169639970625e-19,"sig"
"148","uncon","rh_parahippocampal",-5115.85179475013,NA,-5058.45189234288,NA,0.353448729491259,NA,NA,NA
"248","uncon_v_timecon","rh_parahippocampal",-5119.44068966126,-3.58889491113587,-5071.60743765522,-13.1555453123437,0.764553818356866,0.411105088865607,0.814197311907224,"nonsig"
"348","timecon_v_con","rh_parahippocampal",-5118.72323562861,0.717454032655041,-5080.45663402377,-8.84919636855284,5.48200785101177,4.7174540326549,0.0945404951346551,"nonsig"
"548","uncon_v_errcon","rh_parahippocampal",-5115.07466158157,0.777133168555338,-5067.24140957553,-8.78951723265254,5.13058189804894,4.77713316855769,0.091761121486762,"nonsig"
"648","errcon_v_con","rh_parahippocampal",-5118.72323562861,-3.64857404703616,-5080.45663402377,-13.215224448244,5.48200785101177,0.351425952962821,0.838858720968432,"nonsig"
"848","uncon_v_con","rh_parahippocampal",-5118.72323562861,-2.87144087848083,-5080.45663402377,-22.0047416808966,5.48200785101177,5.12855912152051,0.274359054088321,"nonsig"
"149","uncon","rh_paracentral",-2480.08421019894,NA,-2422.68430779169,NA,3.13467274577551,NA,NA,NA
"249","uncon_v_timecon","rh_paracentral",-2481.42718116681,-1.34297096786986,-2433.59392916077,-10.9096213690777,5.79170177790522,2.65702903212971,0.264870429973271,"nonsig"
"349","timecon_v_con","rh_paracentral",-2478.0080368039,3.41914436291063,-2439.74143519907,-6.14750603829725,13.210846140818,7.41914436291282,0.0244879974503736,"sig"
"549","uncon_v_errcon","rh_paracentral",-2476.88090277624,3.20330742269607,-2429.0476507702,-6.36334297851181,10.3379801684726,7.20330742269712,0.0272785742387382,"sig"
"649","errcon_v_con","rh_paracentral",-2478.0080368039,-1.1271340276553,-2439.74143519907,-10.6937844288632,13.210846140818,2.87286597234541,0.237774392352731,"nonsig"
"849","uncon_v_con","rh_paracentral",-2478.0080368039,2.07617339504077,-2439.74143519907,-17.057127407375,13.210846140818,10.0761733950425,0.0391639143797325,"sig"
"150","uncon","rh_parsopercularis",-2382.90796220005,NA,-2325.5080597928,NA,3.32726163514421,NA,NA,NA
"250","uncon_v_timecon","rh_parsopercularis",-2386.59426261256,-3.6863004125089,-2338.76101060652,-13.2529508137168,3.64096122263486,0.313699587490643,0.854832450355583,"nonsig"
"350","timecon_v_con","rh_parsopercularis",-2376.43172379595,10.1625388166067,-2338.16512219112,0.595888415398804,17.8035000392407,14.1625388166058,0.000840705272483499,"sig"
"550","uncon_v_errcon","rh_parsopercularis",-2372.665997641,10.2419645590471,-2324.83274563496,0.675314157839239,17.5692261941891,14.2419645590449,0.000807972706156933,"sig"
"650","errcon_v_con","rh_parsopercularis",-2376.43172379595,-3.76572615494933,-2338.16512219112,-13.3323765561572,17.8035000392407,0.234273845051515,0.889463397250379,"nonsig"
"850","uncon_v_con","rh_parsopercularis",-2376.43172379595,6.47623840409778,-2338.16512219112,-12.657062398318,17.8035000392407,14.4762384040964,0.0059204244420802,"sig"
"151","uncon","rh_parsorbitalis",-4119.38619270301,NA,-4061.98629029577,NA,1.61658622564139,NA,NA,NA
"251","uncon_v_timecon","rh_parsorbitalis",-4115.17381200558,4.21238069743231,-4067.34055999954,-5.35426970377557,9.82896692307488,8.21238069743349,0.0164704016435664,"sig"
"351","timecon_v_con","rh_parsorbitalis",-4073.53968157048,41.6341304350981,-4035.27307996565,32.0674800338902,55.4630973581709,45.634130435096,1.23218092913448e-10,"sig"
"551","uncon_v_errcon","rh_parsorbitalis",-4076.34091842945,43.0452742735642,-4028.50766642341,33.4786238723564,48.6618604992028,47.0452742735614,6.08483059421972e-11,"sig"
"651","errcon_v_con","rh_parsorbitalis",-4073.53968157048,2.80123685896615,-4035.27307996565,-6.76541354224173,55.4630973581709,6.80123685896812,0.0333526373267751,"sig"
"851","uncon_v_con","rh_parsorbitalis",-4073.53968157048,45.8465111325304,-4035.27307996565,26.7132103301146,55.4630973581709,53.8465111325295,5.66688923364566e-11,"sig"
"152","uncon","rh_parstriangularis",-1457.59747447288,NA,-1400.19757206564,NA,2.28752064907706,NA,NA,NA
"252","uncon_v_timecon","rh_parstriangularis",-1458.47491389027,-0.877439417386086,-1410.64166188423,-10.444089818594,5.41008123168969,3.12256058261263,0.209867207964021,"nonsig"
"352","timecon_v_con","rh_parstriangularis",-1458.95568822087,-0.480774330597342,-1420.68908661603,-10.0474247318052,8.92930690109171,3.51922566940202,0.172111486520359,"nonsig"
"552","uncon_v_errcon","rh_parstriangularis",-1458.08807299587,-0.490598522982054,-1410.25482098983,-10.0572489241899,5.79692212609437,3.5094014770173,0.172958994514247,"nonsig"
"652","errcon_v_con","rh_parstriangularis",-1458.95568822087,-0.867615225001373,-1420.68908661603,-10.4342656262093,8.92930690109171,3.13238477499734,0.2088388478206,"nonsig"
"852","uncon_v_con","rh_parstriangularis",-1458.95568822087,-1.35821374798343,-1420.68908661603,-20.4915145503992,8.92930690109171,6.64178625201465,0.156073067030296,"nonsig"
"153","uncon","rh_pericalcarine",-1699.19898447619,NA,-1641.79908206894,NA,2.40610688545289,NA,NA,NA
"253","uncon_v_timecon","rh_pericalcarine",-1702.87817651298,-3.67919203679435,-1655.04492450694,-13.2458424380022,2.72691484865808,0.320807963205191,0.851799608078757,"nonsig"
"353","timecon_v_con","rh_pericalcarine",-1634.753426507,68.1247500059847,-1596.48682490217,58.5580996047768,74.851664854639,72.1247500059809,2.17926243048775e-16,"sig"
"553","uncon_v_errcon","rh_pericalcarine",-1630.91609521269,68.2828892634964,-1583.08284320665,58.7162388622885,74.6889961489496,72.2828892634967,2.01358528329051e-16,"sig"
"653","errcon_v_con","rh_pericalcarine",-1634.753426507,-3.83733129430607,-1596.48682490217,-13.4039816955139,74.851664854639,0.162668705689399,0.921885404901623,"nonsig"
"853","uncon_v_con","rh_pericalcarine",-1634.753426507,64.4455579691903,-1596.48682490217,45.3122571667745,74.851664854639,72.4455579691861,6.90964542044433e-15,"sig"
"154","uncon","rh_postcentral",535.943695359182,NA,593.343597766429,NA,3.61654381562348,NA,NA,NA
"254","uncon_v_timecon","rh_postcentral",534.582846154445,-1.36084920473729,582.416098160484,-10.9274996059452,6.2556946108851,2.63915079526162,0.267248752331901,"nonsig"
"354","timecon_v_con","rh_postcentral",560.180860192799,25.5980140383541,598.44746179763,16.0313636371461,35.8537086492401,29.598014038355,3.7400112961425e-07,"sig"
"554","uncon_v_errcon","rh_postcentral",561.619293130573,25.6755977713914,609.452545136613,16.1089473701835,33.2921415870119,29.6755977713884,3.59770724170034e-07,"sig"
"654","errcon_v_con","rh_postcentral",560.180860192799,-1.43843293777456,598.44746179763,-11.0050833389826,35.8537086492401,2.56156706222816,0.277819534901598,"nonsig"
"854","uncon_v_con","rh_postcentral",560.180860192799,24.2371648336168,598.44746179763,5.10386403120094,35.8537086492401,32.2371648336166,1.71102517032057e-06,"sig"
"155","uncon","rh_posteriorcingulate",-2299.56665893093,NA,-2242.16675652368,NA,4.24211565126546,NA,NA,NA
"255","uncon_v_timecon","rh_posteriorcingulate",-2300.19079366535,-0.624134734424842,-2252.35754165931,-10.1907851356332,7.6179809168405,3.37586526557504,0.184901388197715,"nonsig"
"355","timecon_v_con","rh_posteriorcingulate",-1939.14034436339,361.05044930196,-1900.87374275856,351.483798900752,372.668430218802,365.050449301961,5.37405523613474e-80,"sig"
"555","uncon_v_errcon","rh_posteriorcingulate",-1944.44577244264,355.120886488286,-1896.6125204366,345.554236087078,363.363002139552,359.120886488286,1.04205425424831e-78,"sig"
"655","errcon_v_con","rh_posteriorcingulate",-1939.14034436339,5.30542807924849,-1900.87374275856,-4.26122232195939,372.668430218802,9.30542807925042,0.00953568654761936,"sig"
"855","uncon_v_con","rh_posteriorcingulate",-1939.14034436339,360.426314567535,-1900.87374275856,341.293013765119,372.668430218802,368.426314567537,1.84040808637759e-78,"sig"
"156","uncon","rh_precentral",936.693419876287,NA,994.093322283535,NA,18.4505050024842,NA,NA,NA
"256","uncon_v_timecon","rh_precentral",935.075700451787,-1.61771942450048,982.908952457826,-11.1843698257084,20.8327855779807,2.38228057549656,0.303874561994152,"nonsig"
"356","timecon_v_con","rh_precentral",1007.5822987105,72.5065982587091,1045.84890031533,62.9399478575012,97.3393838366919,76.5065982587112,2.43670679024588e-17,"sig"
"556","uncon_v_errcon","rh_precentral",1008.68070549821,71.9872856219255,1056.51395750425,62.4206352207176,94.4377906244084,75.9872856219242,3.15915241947762e-17,"sig"
"656","errcon_v_con","rh_precentral",1007.5822987105,-1.09840678771684,1045.84890031533,-10.6650571889247,97.3393838366919,2.90159321228352,0.234383502368834,"nonsig"
"856","uncon_v_con","rh_precentral",1007.5822987105,70.8888788342086,1045.84890031533,51.7555780317929,97.3393838366919,78.8888788342078,2.9947214936186e-16,"sig"
"157","uncon","rh_precuneus",638.647201135036,NA,696.047103542283,NA,0.894137497527725,NA,NA,NA
"257","uncon_v_timecon","rh_precuneus",635.918819391599,-2.72838174343724,683.752071397638,-12.2950321446451,2.16575575408611,1.27161825655838,0.5295068759524,"nonsig"
"357","timecon_v_con","rh_precuneus",680.487660251111,44.5688408595126,718.754261855943,35.0021904583047,50.7345966136035,48.5688408595174,2.84060083999653e-11,"sig"
"557","uncon_v_errcon","rh_precuneus",682.977695400381,44.3304942653456,730.810947406421,34.7638438641377,49.2246317628732,48.3304942653454,3.20012185977974e-11,"sig"
"657","errcon_v_con","rh_precuneus",680.487660251111,-2.49003514927017,718.754261855943,-12.0566855504782,50.7345966136035,1.50996485073035,0.470018875068042,"nonsig"
"857","uncon_v_con","rh_precuneus",680.487660251111,41.8404591160754,718.754261855943,22.7071583136595,50.7345966136035,49.8404591160758,3.8987075460146e-10,"sig"
"158","uncon","rh_rostralanteriorcingulate",-3769.78534438547,NA,-3712.38544197822,NA,0.607343895159747,NA,NA,NA
"258","uncon_v_timecon","rh_rostralanteriorcingulate",-3771.29684202039,-1.51149763492185,-3723.46359001435,-11.0781480361302,3.095846260239,2.48850236507926,0.288156604058694,"nonsig"
"358","timecon_v_con","rh_rostralanteriorcingulate",-3765.59783932961,5.6990026907838,-3727.33123772478,-3.86764771042408,12.7948489510218,9.69900269078284,0.00783228217921837,"sig"
"558","uncon_v_errcon","rh_rostralanteriorcingulate",-3764.45543296971,5.32991141575576,-3716.62218096368,-4.23673898545258,9.93725531091704,9.32991141575729,0.00941966543123494,"sig"
"658","errcon_v_con","rh_rostralanteriorcingulate",-3765.59783932961,-1.14240635989381,-3727.33123772478,-10.7090567611017,12.7948489510218,2.8575936401048,0.239597027226592,"nonsig"
"858","uncon_v_con","rh_rostralanteriorcingulate",-3765.59783932961,4.18750505586195,-3727.33123772478,-14.9457957465543,12.7948489510218,12.1875050558621,0.0160100591584106,"sig"
"159","uncon","rh_rostralmiddlefrontal",3107.25938019303,NA,3164.65928260028,NA,5.91555668506451,NA,NA,NA
"259","uncon_v_timecon","rh_rostralmiddlefrontal",3104.12138595431,-3.13799423872115,3151.95463796035,-12.704644639929,6.77756244634278,0.862005761278278,0.649857038768433,"nonsig"
"359","timecon_v_con","rh_rostralmiddlefrontal",3124.40196445847,20.2805785041655,3162.6685660633,10.7139281029577,31.0581409505091,24.2805785041663,5.33997678658461e-06,"sig"
"559","uncon_v_errcon","rh_rostralmiddlefrontal",3126.99216056916,19.7327803761286,3174.8254125752,10.1661299749208,29.6483370611937,23.7327803761292,7.02250765385099e-06,"sig"
"659","errcon_v_con","rh_rostralmiddlefrontal",3124.40196445847,-2.59019611068425,3162.6685660633,-12.1568465118921,31.0581409505091,1.40980388931542,0.494157026616987,"nonsig"
"859","uncon_v_con","rh_rostralmiddlefrontal",3124.40196445847,17.1425842654444,3162.6685660633,-1.99071653697138,31.0581409505091,25.1425842654446,4.70953897637669e-05,"sig"
"160","uncon","rh_superiorfrontal",2784.13121040047,NA,2841.53111280772,NA,15.8808011772361,NA,NA,NA
"260","uncon_v_timecon","rh_superiorfrontal",2783.69568893898,-0.43552146149068,2831.52894094502,-10.002171862699,19.4452797157491,3.56447853851296,0.168260943537924,"nonsig"
"360","timecon_v_con","rh_superiorfrontal",2825.31756542182,41.6218764828441,2863.58416702665,32.0552260816362,65.0671561985911,45.621876482842,1.23975364751394e-10,"sig"
"560","uncon_v_errcon","rh_superiorfrontal",2825.40442477369,41.2732143732214,2873.23767677973,31.7065639720131,61.1540155504618,45.2732143732257,1.47586423955633e-10,"sig"
"660","errcon_v_con","rh_superiorfrontal",2825.31756542182,-0.0868593518680427,2863.58416702665,-9.65350975307592,65.0671561985911,3.91314064812929,0.141342349041527,"nonsig"
"860","uncon_v_con","rh_superiorfrontal",2825.31756542182,41.1863550213534,2863.58416702665,22.0530542189372,65.0671561985911,49.186355021355,5.33879104749713e-10,"sig"
"161","uncon","rh_superiorparietal",2051.06647803486,NA,2108.46638044211,NA,3.68063172306491,NA,NA,NA
"261","uncon_v_timecon","rh_superiorparietal",2047.29422284132,-3.77225519353806,2095.12747484736,-13.3389055947464,3.90837652952696,0.227744806462048,0.892371812378378,"nonsig"
"361","timecon_v_con","rh_superiorparietal",2080.08987325958,32.7956504182571,2118.35647486441,23.2290000170492,40.704026947787,36.79565041826,1.02311872384217e-08,"sig"
"561","uncon_v_errcon","rh_superiorparietal",2083.88331926903,32.8168412341747,2131.71657127507,23.2501908329664,40.4974729572412,36.8168412341763,1.01233559030132e-08,"sig"
"661","errcon_v_con","rh_superiorparietal",2080.08987325958,-3.79344600945569,2118.35647486441,-13.3600964106636,40.704026947787,0.206553990545729,0.901877123179613,"nonsig"
"861","uncon_v_con","rh_superiorparietal",2080.08987325958,29.023395224719,2118.35647486441,9.89009442230281,40.704026947787,37.0233952247221,1.78142249896349e-07,"sig"
"162","uncon","rh_superiortemporal",-620.069618976139,NA,-562.669716568891,NA,1.63056679410077,NA,NA,NA
"262","uncon_v_timecon","rh_superiortemporal",-623.213364690776,-3.14374571463702,-575.380112684736,-12.7103961158449,2.4868210794532,0.85625428535243,0.651728547019194,"nonsig"
"362","timecon_v_con","rh_superiortemporal",-598.67578433992,24.5375803508554,-560.409182735089,14.9709299496474,31.0244014303143,28.5375803508611,6.35540400582421e-07,"sig"
"562","uncon_v_errcon","rh_superiortemporal",-595.48176053942,24.5878584367184,-547.648508533381,15.0212080355105,30.2184252308144,28.5878584367136,6.19762672575718e-07,"sig"
"662","errcon_v_con","rh_superiortemporal",-598.67578433992,-3.19402380050008,-560.409182735089,-12.7606742017081,31.0244014303143,0.805976199499913,0.668320052451971,"nonsig"
"862","uncon_v_con","rh_superiortemporal",-598.67578433992,21.3938346362183,-560.409182735089,2.26053383380247,31.0244014303143,29.3938346362135,6.50166035665319e-06,"sig"
"163","uncon","rh_supramarginal",1196.23860388325,NA,1253.6385062905,NA,1.23193464497802,NA,NA,NA
"263","uncon_v_timecon","rh_supramarginal",1195.45457130711,-0.784032576142636,1243.28782331315,-10.3506829773505,4.44790206883633,3.21596742385831,0.200291051673444,"nonsig"
"363","timecon_v_con","rh_supramarginal",1203.24648492291,7.79191361580365,1241.51308652775,-1.77473678540423,16.2398156846391,11.7919136158028,0.00275054334202562,"sig"
"563","uncon_v_errcon","rh_supramarginal",1204.12297244593,7.88436856267867,1251.95622445197,-1.68228183852921,13.1163032076546,11.8843685626766,0.00262628683201409,"sig"
"663","errcon_v_con","rh_supramarginal",1203.24648492291,-0.876487523017659,1241.51308652775,-10.4431379242255,16.2398156846391,3.12351247698448,0.209767346023362,"nonsig"
"863","uncon_v_con","rh_supramarginal",1203.24648492291,7.00788103966102,1241.51308652775,-12.1254197627547,16.2398156846391,15.0078810396611,0.00468489922720636,"sig"
"164","uncon","rh_frontalpole",-6515.23221580293,NA,-6457.83231339568,NA,2.26119303290972,NA,NA,NA
"264","uncon_v_timecon","rh_frontalpole",-6517.71848975974,-2.48627395681433,-6469.8852377537,-12.0529243580222,3.77491907609545,1.51372604318573,0.469135789968164,"nonsig"
"364","timecon_v_con","rh_frontalpole",-6509.96212984241,7.75635991733543,-6471.69552823757,-1.81029048387245,15.5312789934311,11.7563599173357,0.00279987653149509,"sig"
"564","uncon_v_errcon","rh_frontalpole",-6506.96402551186,8.26819029106537,-6459.13077350582,-1.29846011014251,14.5293833239751,12.2681902910653,0.00216768577089698,"sig"
"664","errcon_v_con","rh_frontalpole",-6509.96212984241,-2.99810433054427,-6471.69552823757,-12.5647547317521,15.5312789934311,1.00189566945608,0.605956041254421,"nonsig"
"864","uncon_v_con","rh_frontalpole",-6509.96212984241,5.2700859605211,-6471.69552823757,-13.8632148418947,15.5312789934311,13.2700859605214,0.0100287991275886,"sig"
"165","uncon","rh_temporalpole",-5276.11931370867,NA,-5218.71941130142,NA,4.48548519127184,NA,NA,NA
"265","uncon_v_timecon","rh_temporalpole",-5277.89403226831,-1.77471855964723,-5230.06078026228,-11.3413689608551,6.71076663162457,2.22528144035272,0.328689836140316,"nonsig"
"365","timecon_v_con","rh_temporalpole",-5276.27607605232,1.61795621599686,-5238.00947444749,-7.94869418521102,12.3287228476231,5.61795621599852,0.0602665468381453,"nonsig"
"565","uncon_v_errcon","rh_temporalpole",-5274.30865852325,1.81065518541891,-5226.47540651721,-7.75599521578897,10.2961403766923,5.81065518542051,0.0547308582342108,"nonsig"
"665","errcon_v_con","rh_temporalpole",-5276.27607605232,-1.96741752906928,-5238.00947444749,-11.5340679302772,12.3287228476231,2.03258247093073,0.361934784947161,"nonsig"
"865","uncon_v_con","rh_temporalpole",-5276.27607605232,-0.156762343650371,-5238.00947444749,-19.2900631460661,12.3287228476231,7.84323765635124,0.0974923542820706,"nonsig"
"166","uncon","rh_transversetemporal",-7350.79570515072,NA,-7293.39580274347,NA,5.75159636048867,NA,NA,NA
"266","uncon_v_timecon","rh_transversetemporal",-7348.99110528284,1.8045998678781,-7301.1578532768,-7.76205053332978,11.5561962283678,5.80459986787913,0.0548968157016883,"nonsig"
"366","timecon_v_con","rh_transversetemporal",-7350.4827986983,-1.49169341545985,-7312.21619709347,-11.0583438166677,14.0645028129062,2.50830658453838,0.285317326365291,"nonsig"
"566","uncon_v_errcon","rh_transversetemporal",-7351.99585971734,-1.20015456661986,-7304.1626077113,-10.7668049678277,8.55144179386802,2.79984543337934,0.246616022507742,"nonsig"
"666","errcon_v_con","rh_transversetemporal",-7350.4827986983,1.5130610190381,-7312.21619709347,-8.05358938216978,14.0645028129062,5.51306101903816,0.0635117399214485,"nonsig"
"866","uncon_v_con","rh_transversetemporal",-7350.4827986983,0.312906452418247,-7312.21619709347,-18.8203943499975,14.0645028129062,8.3129064524175,0.0807655922761124,"nonsig"
"167","uncon","rh_insula",-838.764051913112,NA,-781.364149505865,NA,3.974842756011,NA,NA,NA
"267","uncon_v_timecon","rh_insula",-842.369372424336,-3.60532051122334,-794.536120418296,-13.1719709124312,4.3695222447876,0.394679488776598,0.820911685791377,"nonsig"
"367","timecon_v_con","rh_insula",-843.410558136425,-1.0411857120896,-805.143956531594,-10.6078361132976,7.32833653269782,2.95881428791023,0.227772684776175,"nonsig"
"567","uncon_v_errcon","rh_insula",-839.716996545618,-0.95294463250616,-791.883744539579,-10.519595033714,7.02189812350474,3.04705536749373,0.217941699870312,"nonsig"
"667","errcon_v_con","rh_insula",-843.410558136425,-3.69356159080678,-805.143956531594,-13.2602119920148,7.32833653269782,0.306438409193089,0.857941636447283,"nonsig"
"867","uncon_v_con","rh_insula",-843.410558136425,-4.64650622331294,-805.143956531594,-23.7798070257288,7.32833653269782,3.35349377668682,0.50050150223469,"nonsig"
