"","comparison","ROI","AIC","AICdiff","BIC","BICdiff","Chisq","Chisq diff","Pr(>Chisq)","LRT_p05"
"1","uncon","lh_bankssts",19529.3374263938,NA,20166.4372063576,NA,24.2351927331965,NA,NA,NA
"2","uncon_v_timecon","lh_bankssts",19572.4293606338,43.0919342399648,20057.8387167967,-108.598489560925,107.327126973174,83.0919342399775,1.16526369568605e-09,"sig"
"3","timecon_v_con","lh_bankssts",20258.3224385169,685.893077883153,20592.0413708789,534.202654082259,833.220204856293,725.893077883119,7.31165654419695e-141,"sig"
"5","uncon_v_errcon","lh_bankssts",20219.0448356701,689.707409276245,20704.4541918329,538.016985475355,753.942602009447,729.707409276251,1.13807730750721e-141,"sig"
"6","errcon_v_con","lh_bankssts",20258.3224385169,39.2776028468725,20592.0413708789,-112.412820954021,833.220204856293,79.2776028468458,5.20498762740723e-09,"sig"
"8","uncon_v_con","lh_bankssts",20258.3224385169,728.985012123117,20592.0413708789,425.604164521334,833.220204856293,808.985012123097,6.28319387057355e-144,"sig"
"11","uncon","lh_caudalanteriorcingulate",8010.71869759513,NA,8647.81847755888,NA,21.8919590690565,NA,NA,NA
"21","uncon_v_timecon","lh_caudalanteriorcingulate",8082.85265389911,72.133956303971,8568.26201006196,-79.556467496921,134.025915373028,112.133956303972,8.00450263881403e-15,"sig"
"31","timecon_v_con","lh_caudalanteriorcingulate",8779.05681085402,696.204156954916,9112.77574321598,544.513733154025,870.230072327933,736.204156954904,4.7859719343454e-143,"sig"
"51","uncon_v_errcon","lh_caudalanteriorcingulate",8704.46054158814,693.741843993009,9189.869897751,542.051420192116,755.633803062047,733.74184399299,1.59072874073408e-142,"sig"
"61","errcon_v_con","lh_caudalanteriorcingulate",8779.05681085402,74.5962692658777,9112.77574321598,-77.0941545350124,870.230072327933,114.596269265886,2.83042327712833e-15,"sig"
"81","uncon_v_con","lh_caudalanteriorcingulate",8779.05681085402,768.338113258887,9112.77574321598,464.957265657104,870.230072327933,848.338113258876,4.40268974544823e-152,"sig"
"12","uncon","lh_caudalmiddlefrontal",67994.3477690838,NA,68631.4475490475,NA,21.3695271563686,NA,NA,NA
"22","uncon_v_timecon","lh_caudalmiddlefrontal",68013.1234323401,18.7756632563396,68498.532788503,-132.914760544547,80.1451904127463,58.7756632563777,1.09981653514029e-05,"sig"
"32","timecon_v_con","lh_caudalmiddlefrontal",69609.9784252487,1596.85499290857,69943.6973576106,1445.16456910768,1717.00018332131,1636.85499290856,0,"sig"
"52","uncon_v_errcon","lh_caudalmiddlefrontal",69590.8982789201,1596.55050983631,70076.3076350829,1444.86008603542,1657.92003699269,1636.55050983632,0,"sig"
"62","errcon_v_con","lh_caudalmiddlefrontal",69609.9784252487,19.0801463286043,69943.6973576106,-132.610277472282,1717.00018332131,59.0801463286225,9.87471167085504e-06,"sig"
"82","uncon_v_con","lh_caudalmiddlefrontal",69609.9784252487,1615.63065616491,69943.6973576106,1312.24980856314,1717.00018332131,1695.63065616494,0,"sig"
"13","uncon","lh_cuneus",17950.6134701334,NA,18587.7132500971,NA,31.6002048735393,NA,NA,NA
"23","uncon_v_timecon","lh_cuneus",18046.0604999809,95.4470298475062,18531.4698561437,-56.2433939533839,167.047234721052,135.447029847513,3.67943227716719e-19,"sig"
"33","timecon_v_con","lh_cuneus",18957.6253543561,911.56485437521,19291.344286718,759.874430574317,1118.61208909626,951.564854375205,8.23200962485816e-189,"sig"
"53","uncon_v_errcon","lh_cuneus",18858.2629559953,907.64948586197,19343.6723121582,755.95906206108,979.249690735523,947.649485861984,5.61869982096397e-188,"sig"
"63","errcon_v_con","lh_cuneus",18957.6253543561,99.3623983607467,19291.344286718,-52.328025440147,1118.61208909626,139.362398360735,6.68584454559446e-20,"sig"
"83","uncon_v_con","lh_cuneus",18957.6253543561,1007.01188422272,19291.344286718,703.631036620933,1118.61208909626,1087.01188422272,7.20409583173376e-202,"sig"
"14","uncon","lh_entorhinal",13100.3405599004,NA,13737.4403398642,NA,21.1262109633932,NA,NA,NA
"24","uncon_v_timecon","lh_entorhinal",13139.9075856363,39.5670257358252,13625.3169417991,-112.123398065067,100.693236699215,79.5670257358214,4.64928715673039e-09,"sig"
"34","timecon_v_con","lh_entorhinal",13391.5193920937,251.611806457444,13725.2383244557,99.9213826565538,392.305043156662,291.611806457447,4.1588991411231e-50,"sig"
"54","uncon_v_errcon","lh_entorhinal",13352.73313287,252.392572969607,13838.1424890329,100.702149168716,313.518783933,292.392572969606,2.88279043092189e-50,"sig"
"64","errcon_v_con","lh_entorhinal",13391.5193920937,38.7862592236615,13725.2383244557,-112.904164577229,392.305043156662,78.7862592236623,6.30304421909636e-09,"sig"
"84","uncon_v_con","lh_entorhinal",13391.5193920937,291.178832193269,13725.2383244557,-12.202015408513,392.305043156662,371.178832193269,2.90783279438353e-55,"sig"
"15","uncon","lh_fusiform",69065.1239953989,NA,69702.2237753626,NA,19.0490732609297,NA,NA,NA
"25","uncon_v_timecon","lh_fusiform",69094.8877085444,29.7637131454976,69580.2970647072,-121.926710655389,88.812786406441,69.7637131455113,1.99046921146542e-07,"sig"
"35","timecon_v_con","lh_fusiform",69784.443120049,689.55541150464,70118.162052411,537.864987703753,818.36819791109,729.555411504649,1.22564777402207e-141,"sig"
"55","uncon_v_errcon","lh_fusiform",69754.6254238263,689.501428427422,70240.0347799891,537.811004626536,748.550501688364,729.501428427434,1.25834444469307e-141,"sig"
"65","errcon_v_con","lh_fusiform",69784.443120049,29.8176962227153,70118.162052411,-121.872727578171,818.36819791109,69.817696222726,1.95051881485719e-07,"sig"
"85","uncon_v_con","lh_fusiform",69784.443120049,719.319124650137,70118.162052411,415.938277048364,818.36819791109,799.31912465016,6.28309483632234e-142,"sig"
"16","uncon","lh_inferiorparietal",90772.1496559943,NA,91409.249435958,NA,17.7204575730747,NA,NA,NA
"26","uncon_v_timecon","lh_inferiorparietal",90782.1767194858,10.0270634914632,91267.5860756486,-141.663360309423,67.7475210645643,50.0270634914896,0.000219509615288088,"sig"
"36","timecon_v_con","lh_inferiorparietal",92257.1662262535,1474.98950676776,92590.8851586155,1323.29908296687,1582.7370278323,1514.98950676774,2.42128591092041e-309,"sig"
"56","uncon_v_errcon","lh_inferiorparietal",92249.1512240583,1477.00156806402,92734.5605802212,1325.31114426313,1534.7220256371,1517.00156806403,8.9601081643872e-310,"sig"
"66","errcon_v_con","lh_inferiorparietal",92257.1662262535,8.01500219519949,92590.8851586155,-143.675421605687,1582.7370278323,48.0150021952029,0.000423340040398189,"sig"
"86","uncon_v_con","lh_inferiorparietal",92257.1662262535,1485.01657025922,92590.8851586155,1181.63572265745,1582.7370278323,1565.01657025923,1.15564946521558e-302,"sig"
"17","uncon","lh_inferiortemporal",84921.6909964067,NA,85558.7907763704,NA,24.390481426794,NA,NA,NA
"27","uncon_v_timecon","lh_inferiortemporal",84928.8878627202,7.19686631357763,85414.2972188831,-144.493557487309,71.5873477403943,47.1968663136003,0.000550789285345066,"sig"
"37","timecon_v_con","lh_inferiortemporal",85896.063592506,967.175729785755,86229.782524868,815.485305984868,1078.76307752615,1007.17572978575,1.15159370900623e-200,"sig"
"57","uncon_v_errcon","lh_inferiortemporal",85887.7873075198,966.096311113157,86373.1966636827,814.40588731227,1030.48679253996,1006.09631111317,1.9566324739353e-200,"sig"
"67","errcon_v_con","lh_inferiortemporal",85896.063592506,8.2762849861756,86229.782524868,-143.414138814711,1078.76307752615,48.2762849861861,0.000389025088764655,"sig"
"87","uncon_v_con","lh_inferiortemporal",85896.063592506,974.372596099332,86229.782524868,670.991748497559,1078.76307752615,1054.37259609935,4.94347919773602e-195,"sig"
"18","uncon","lh_isthmuscingulate",7204.76336389021,NA,7841.86314385396,NA,7.44457217010124,NA,NA,NA
"28","uncon_v_timecon","lh_isthmuscingulate",7274.22963588114,69.4662719909256,7759.63899204399,-82.2241518099663,116.910844161013,109.466271990911,2.45717101666343e-14,"sig"
"38","timecon_v_con","lh_isthmuscingulate",8016.53981367725,742.310177796107,8350.25874603921,590.619753995216,899.22102195714,782.310177796128,8.03459277640031e-153,"sig"
"58","uncon_v_errcon","lh_isthmuscingulate",7952.17880054843,747.415436658217,8437.58815671128,595.725012857325,794.860008828322,787.415436658221,6.63329838590979e-154,"sig"
"68","errcon_v_con","lh_isthmuscingulate",8016.53981367725,64.361013128816,8350.25874603921,-87.329410672075,899.22102195714,104.361013128818,2.07177180957422e-13,"sig"
"88","uncon_v_con","lh_isthmuscingulate",8016.53981367725,811.776449787033,8350.25874603921,508.39560218525,899.22102195714,891.776449787039,4.19054587690264e-161,"sig"
"19","uncon","lh_lateraloccipital",82055.7225076989,NA,82692.8222876626,NA,27.457388036125,NA,NA,NA
"29","uncon_v_timecon","lh_lateraloccipital",82091.2979617902,35.5754540913185,82576.7073179531,-116.114969709568,103.032842127453,75.5754540913278,2.18381118656471e-08,"sig"
"39","timecon_v_con","lh_lateraloccipital",83499.6460621005,1408.34810031024,83833.3649944624,1256.65767650935,1551.3809424377,1448.34810031025,4.78027919766379e-295,"sig"
"59","uncon_v_errcon","lh_lateraloccipital",83464.2973861075,1408.57487840856,83949.7067422703,1256.88445460767,1476.0322664447,1448.57487840857,4.27385839203925e-295,"sig"
"69","errcon_v_con","lh_lateraloccipital",83499.6460621005,35.3486759929947,83833.3649944624,-116.341747807892,1551.3809424377,75.3486759930033,2.38281000275186e-08,"sig"
"89","uncon_v_con","lh_lateraloccipital",83499.6460621005,1443.92355440155,83833.3649944624,1140.54270679978,1551.3809424377,1523.92355440157,5.84510695136866e-294,"sig"
"110","uncon","lh_lateralorbitofrontal",56858.9170924165,NA,57496.0168723802,NA,24.2526901857096,NA,NA,NA
"210","uncon_v_timecon","lh_lateralorbitofrontal",56888.3400624323,29.4229700158248,57373.7494185952,-122.267453785069,93.6756602015297,69.4229700158202,2.26196053356217e-07,"sig"
"310","timecon_v_con","lh_lateralorbitofrontal",57815.6595551434,927.319492711104,58149.3784875054,775.62906891021,1060.99515291264,967.319492711111,3.61807668107835e-192,"sig"
"510","uncon_v_errcon","lh_lateralorbitofrontal",57788.1563380986,929.239245682162,58273.5656942615,777.548821881268,993.49193586787,969.23924568216,1.41039879773075e-192,"sig"
"610","errcon_v_con","lh_lateralorbitofrontal",57815.6595551434,27.5032170447666,58149.3784875054,-124.187206756127,1060.99515291264,67.5032170447712,4.63120237046798e-07,"sig"
"810","uncon_v_con","lh_lateralorbitofrontal",57815.6595551434,956.742462726928,58149.3784875054,653.361615125141,1060.99515291264,1036.74246272693,2.41825096323525e-191,"sig"
"111","uncon","lh_lingual",48794.2326918267,NA,49431.3324717905,NA,16.8256264254364,NA,NA,NA
"211","uncon_v_timecon","lh_lingual",48866.0903130093,71.8576211826003,49351.4996691722,-79.8328026182935,128.68324760803,111.857621182593,8.99272373122208e-15,"sig"
"311","timecon_v_con","lh_lingual",49736.5520937165,870.461780707155,50070.2710260785,718.771356906262,1039.14502831515,910.461780707121,4.66349337863605e-180,"sig"
"511","uncon_v_errcon","lh_lingual",49663.1408677139,868.908175887205,50148.5502238768,717.217752086312,925.733802312612,908.908175887175,9.98646724573437e-180,"sig"
"611","errcon_v_con","lh_lingual",49736.5520937165,73.4112260025504,50070.2710260785,-78.2791977983434,1039.14502831515,113.411226002539,4.67044227746379e-15,"sig"
"811","uncon_v_con","lh_lingual",49736.5520937165,942.319401889756,50070.2710260785,638.938554287968,1039.14502831515,1022.31940188971,2.51223384801099e-188,"sig"
"112","uncon","lh_medialorbitofrontal",46309.0374721409,NA,46946.1372521047,NA,24.3804201168114,NA,NA,NA
"212","uncon_v_timecon","lh_medialorbitofrontal",46339.1448509591,30.1073788181748,46824.554207122,-121.583044982719,94.4877989349824,70.107378818171,1.74929285963366e-07,"sig"
"312","timecon_v_con","lh_medialorbitofrontal",46516.6027347996,177.457883840434,46850.3216671615,25.7674600395403,311.945682775418,217.457883840436,3.83798577265589e-35,"sig"
"512","uncon_v_errcon","lh_medialorbitofrontal",46490.5921883273,181.554716186372,46976.0015444902,29.8642923854786,245.935136303176,221.554716186365,5.84428145988725e-36,"sig"
"612","errcon_v_con","lh_medialorbitofrontal",46516.6027347996,26.0105464722365,46850.3216671615,-125.679877328657,311.945682775418,66.0105464722422,8.0476428973183e-07,"sig"
"812","uncon_v_con","lh_medialorbitofrontal",46516.6027347996,207.565262658609,46850.3216671615,-95.8155849431787,311.945682775418,287.565262658607,3.37564118260998e-39,"sig"
"113","uncon","lh_middletemporal",81522.9764134813,NA,82160.076193445,NA,19.8042930708589,NA,NA,NA
"213","uncon_v_timecon","lh_middletemporal",81568.9109257093,45.9345122280356,82054.3202818722,-105.755911572851,105.738805298906,85.9345122280467,3.77536689260437e-10,"sig"
"313","timecon_v_con","lh_middletemporal",84520.357743183,2951.44681747367,84854.076675545,2799.75639367278,3097.1856227726,2991.44681747369,0,"sig"
"513","uncon_v_errcon","lh_middletemporal",84473.3743589728,2950.39794549148,84958.7837151356,2798.70752169059,3010.20223856234,2990.39794549148,0,"sig"
"613","errcon_v_con","lh_middletemporal",84520.357743183,46.9833842102234,84854.076675545,-104.707039590663,3097.1856227726,86.9833842102576,2.48498371454977e-10,"sig"
"813","uncon_v_con","lh_middletemporal",84520.357743183,2997.3813297017,84854.076675545,2694.00048209993,3097.1856227726,3077.38132970174,0,"sig"
"114","uncon","lh_parahippocampal",-5114.52033488852,NA,-4477.42055492478,NA,26.0710031410353,NA,NA,NA
"214","uncon_v_timecon","lh_parahippocampal",-5108.40190313486,6.11843175366539,-4622.99254697201,-145.571992047226,72.1894348947027,46.1184317536674,0.000776396200570304,"sig"
"314","timecon_v_con","lh_parahippocampal",-4861.05459579416,247.3473073407,-4527.3356634322,95.6568835398084,359.536742235404,287.347307340702,3.07495368966353e-49,"sig"
"514","uncon_v_errcon","lh_parahippocampal",-4870.41046707111,244.109867817412,-4385.00111090826,92.4194440165211,310.180870958446,284.109867817411,1.40241972957831e-48,"sig"
"614","errcon_v_con","lh_parahippocampal",-4861.05459579416,9.35587127695362,-4527.3356634322,-142.334552523938,359.536742235404,49.3558712769584,0.000273679029669544,"sig"
"814","uncon_v_con","lh_parahippocampal",-4861.05459579416,253.465739094366,-4527.3356634322,-49.9151085074172,359.536742235404,333.465739094369,5.94723720024312e-48,"sig"
"115","uncon","lh_paracentral",23229.0826374966,NA,23866.1824174603,NA,22.5700210774534,NA,NA,NA
"215","uncon_v_timecon","lh_paracentral",23243.3218528484,14.2392153517612,23728.7312090112,-137.451208449129,76.8092364292314,54.239215351778,5.33071292094743e-05,"sig"
"315","timecon_v_con","lh_paracentral",23722.9842660431,479.662413194746,24056.7031984051,327.971989393853,596.47164962399,519.662413194758,2.21028173946919e-97,"sig"
"515","uncon_v_errcon","lh_paracentral",23710.4842830884,481.401645591763,24195.8936392512,329.711221790873,543.971666669228,521.401645591774,9.54522988124996e-98,"sig"
"615","errcon_v_con","lh_paracentral",23722.9842660431,12.4999829547451,24056.7031984051,-139.190440846149,596.47164962399,52.4999829547618,9.62308671101045e-05,"sig"
"815","uncon_v_con","lh_paracentral",23722.9842660431,493.901628546508,24056.7031984051,190.520780944724,596.47164962399,573.901628546536,1.05130881125878e-95,"sig"
"116","uncon","lh_parsopercularis",48028.8737078958,NA,48665.9734878595,NA,24.8410459146497,NA,NA,NA
"216","uncon_v_timecon","lh_parsopercularis",48083.1388724285,54.2651645326987,48568.5482285913,-97.4252592681951,119.106210447369,94.2651645327193,1.31889325071597e-11,"sig"
"316","timecon_v_con","lh_parsopercularis",49572.4255973137,1489.28672488523,49906.1445296757,1337.59630108434,1648.39293533257,1529.2867248852,2.07066367542689e-312,"sig"
"516","uncon_v_errcon","lh_parsopercularis",49524.5185665063,1495.64485861053,50009.9279226692,1343.95443480964,1560.48590452518,1535.64485861054,8.94651414552506e-314,"sig"
"616","errcon_v_con","lh_parsopercularis",49572.4255973137,47.9070308074006,49906.1445296757,-103.783392993493,1648.39293533257,87.9070308073885,1.71763189540137e-10,"sig"
"816","uncon_v_con","lh_parsopercularis",49572.4255973137,1543.55188941793,49906.1445296757,1240.17104181615,1648.39293533257,1623.55188941792,4.51494065440324e-315,"sig"
"117","uncon","lh_parsorbitalis",1033.31105718879,NA,1670.41083715253,NA,19.0515189058936,NA,NA,NA
"217","uncon_v_timecon","lh_parsorbitalis",1059.7767431474,26.46568595861,1545.18609931025,-125.224737842282,85.5172048645062,66.4656859586126,6.80278923950323e-07,"sig"
"317","timecon_v_con","lh_parsorbitalis",1703.09445226195,643.317709114555,2036.81338462392,491.627285313664,768.834913979059,683.317709114553,7.47436589141525e-132,"sig"
"517","uncon_v_errcon","lh_parsorbitalis",1677.65730262534,644.346245436547,2163.06665878819,492.655821635656,703.397764342445,684.346245436551,4.52993419128094e-132,"sig"
"617","errcon_v_con","lh_parsorbitalis",1703.09445226195,25.437149636618,2036.81338462392,-126.253274164274,768.834913979059,65.4371496366144,9.939631079441e-07,"sig"
"817","uncon_v_con","lh_parsorbitalis",1703.09445226195,669.783395073165,2036.81338462392,366.402547471382,768.834913979059,749.783395073165,1.06719470002783e-131,"sig"
"118","uncon","lh_parstriangularis",33958.4483703251,NA,34595.5481502889,NA,14.1552128697279,NA,NA,NA
"218","uncon_v_timecon","lh_parstriangularis",34007.1150654787,48.666695153559,34492.5244216415,-103.023728647335,102.821908023273,88.6666951535449,1.2667984411571e-10,"sig"
"318","timecon_v_con","lh_parstriangularis",34743.9539605341,736.838895055407,35077.672892896,585.148471254513,879.660803078696,776.838895055423,1.16326138469569e-151,"sig"
"518","uncon_v_errcon","lh_parstriangularis",34695.7835738378,737.335203512732,35181.1929300007,585.644779711838,791.49041638247,777.335203512743,9.12840976078895e-152,"sig"
"618","errcon_v_con","lh_parstriangularis",34743.9539605341,48.1703866962343,35077.672892896,-103.520037104659,879.660803078696,88.1703866962251,1.5456916982171e-10,"sig"
"818","uncon_v_con","lh_parstriangularis",34743.9539605341,785.505590208966,35077.672892896,482.124742607179,879.660803078696,865.505590208968,1.20437899300773e-155,"sig"
"119","uncon","lh_pericalcarine",2626.99475749003,NA,3264.09453745378,NA,25.344896788759,NA,NA,NA
"219","uncon_v_timecon","lh_pericalcarine",2682.84393258453,55.8491750944995,3168.25328874738,-95.841248706392,121.194071883263,95.8491750945043,6.91493146473360e-12,"sig"
"319","timecon_v_con","lh_pericalcarine",2989.24616053194,306.402227947409,3322.9650928939,154.711804146517,467.59629983065,346.402227947387,2.45435002966218e-61,"sig"
"519","uncon_v_errcon","lh_pericalcarine",2934.20416805969,307.209410569657,3419.61352422254,155.518986768766,372.5543073584,347.209410569641,1.67379274114624e-61,"sig"
"619","errcon_v_con","lh_pericalcarine",2989.24616053194,55.041992472251,3322.9650928939,-96.6484313286405,467.59629983065,95.0419924722505,9.61200860611693e-12,"sig"
"819","uncon_v_con","lh_pericalcarine",2989.24616053194,362.251403041908,3322.9650928939,58.8705554401254,467.59629983065,442.251403041891,2.93897950366297e-69,"sig"
"120","uncon","lh_postcentral",77130.8052049394,NA,77767.9049849031,NA,26.0580141077825,NA,NA,NA
"220","uncon_v_timecon","lh_postcentral",77176.7246432507,45.9194383113208,77662.1339994135,-105.770985489566,111.977452419098,85.9194383113152,3.79809293832646e-10,"sig"
"320","timecon_v_con","lh_postcentral",77907.278011326,730.553368075358,78240.996943688,578.862944274471,882.530820494464,770.553368075366,2.50548376480243e-150,"sig"
"520","uncon_v_errcon","lh_postcentral",77864.4724854101,733.667280470734,78349.8818415729,581.976856669848,799.725294578523,773.66728047074,5.47565517091199e-151,"sig"
"620","errcon_v_con","lh_postcentral",77907.278011326,42.8055259159446,78240.996943688,-108.884897884942,882.530820494464,82.8055259159408,1.30469105096333e-09,"sig"
"820","uncon_v_con","lh_postcentral",77907.278011326,776.472806386679,78240.996943688,473.091958784906,882.530820494464,856.472806386681,9.03330967806644e-154,"sig"
"121","uncon","lh_posteriorcingulate",13865.6964230975,NA,14502.7962030612,NA,13.988209056816,NA,NA,NA
"221","uncon_v_timecon","lh_posteriorcingulate",13923.4065944846,57.7101713871343,14408.8159506475,-93.9802524137576,111.698380443967,97.7101713871508,3.22879146167576e-12,"sig"
"321","timecon_v_con","lh_posteriorcingulate",14598.8462673182,675.439672833627,14932.5651996802,523.749249032737,827.138053277581,715.439672833615,1.19510915435214e-138,"sig"
"521","uncon_v_errcon","lh_posteriorcingulate",14545.2550621589,679.558639061417,15030.6644183217,527.868215260525,733.546848118229,719.558639061413,1.60457562590391e-139,"sig"
"621","errcon_v_con","lh_posteriorcingulate",14598.8462673182,53.5912051593441,14932.5651996802,-98.099218641546,827.138053277581,93.5912051593521,1.7346328766603e-11,"sig"
"821","uncon_v_con","lh_posteriorcingulate",14598.8462673182,733.149844220761,14932.5651996802,429.768996618979,827.138053277581,813.149844220765,8.6310110616983e-145,"sig"
"122","uncon","lh_precentral",84076.8140420313,NA,84713.913821995,NA,22.6693586820771,NA,NA,NA
"222","uncon_v_timecon","lh_precentral",84096.436093785,19.6220517537149,84581.8454499478,-132.068372047172,82.2914104358113,59.6220517537342,8.1471916704972e-06,"sig"
"322","timecon_v_con","lh_precentral",85319.3023377796,1222.86624399461,85653.0212701416,1071.17582019372,1345.1576544304,1262.86624399459,2.63929073746376e-255,"sig"
"522","uncon_v_errcon","lh_precentral",85299.8784166695,1223.06437463826,85785.2877728324,1071.37395083737,1285.73373332033,1263.06437463826,2.39373410679833e-255,"sig"
"622","errcon_v_con","lh_precentral",85319.3023377796,19.4239211100648,85653.0212701416,-132.266502690822,1345.1576544304,59.4239211100689,8.74132431224339e-06,"sig"
"822","uncon_v_con","lh_precentral",85319.3023377796,1242.48829574832,85653.0212701416,939.107448146548,1345.1576544304,1322.48829574833,2.18643967507082e-251,"sig"
"123","uncon","lh_precuneus",73769.898290577,NA,74406.9980705407,NA,18.543100628605,NA,NA,NA
"223","uncon_v_timecon","lh_precuneus",73827.3105053305,57.4122147535236,74312.7198614933,-94.2782090473629,115.955315382142,97.4122147535367,3.64826603149095e-12,"sig"
"323","timecon_v_con","lh_precuneus",74791.7902124013,964.47970707083,75125.5091447633,812.789283269944,1120.43502245297,1004.47970707083,4.32790323273347e-200,"sig"
"523","uncon_v_errcon","lh_precuneus",74731.1701801785,961.271889601572,75216.5795363414,809.581465800686,1019.81499023017,1001.27188960156,2.09107324632973e-199,"sig"
"623","errcon_v_con","lh_precuneus",74791.7902124013,60.6200322227814,75125.5091447633,-91.070391578105,1120.43502245297,100.620032222801,9.75443273068497e-13,"sig"
"823","uncon_v_con","lh_precuneus",74791.7902124013,1021.89192182435,75125.5091447633,718.511074222581,1120.43502245297,1101.89192182436,5.47517790547184e-205,"sig"
"124","uncon","lh_rostralanteriorcingulate",23169.5347184318,NA,23806.6344983956,NA,19.5433872725696,NA,NA,NA
"224","uncon_v_timecon","lh_rostralanteriorcingulate",23203.7361753696,34.201456937808,23689.1455315325,-117.488966863082,93.7448442103715,74.2014569378019,3.69980377786829e-08,"sig"
"324","timecon_v_con","lh_rostralanteriorcingulate",23923.5625653444,719.826389974791,24257.2814977064,568.135966173897,853.571234185185,759.826389974813,4.71602414420803e-148,"sig"
"524","uncon_v_errcon","lh_rostralanteriorcingulate",23893.4347402428,723.900021810958,24378.8440964056,572.209598010068,783.443409083533,763.900021810964,6.45418729559937e-149,"sig"
"624","errcon_v_con","lh_rostralanteriorcingulate",23923.5625653444,30.1278251016411,24257.2814977064,-121.562598699253,853.571234185185,70.1278251016516,1.73589139996117e-07,"sig"
"824","uncon_v_con","lh_rostralanteriorcingulate",23923.5625653444,754.027846912599,24257.2814977064,450.646999310815,853.571234185185,834.027846912615,4.08432769690085e-149,"sig"
"125","uncon","lh_rostralmiddlefrontal",107418.582509605,NA,108055.682289569,NA,22.8288183562677,NA,NA,NA
"225","uncon_v_timecon","lh_rostralmiddlefrontal",107406.360652888,-12.2218567173113,107891.770009051,-163.912280518198,50.606961638973,27.7781432827053,0.11475608838188,"nonsig"
"325","timecon_v_con","lh_rostralmiddlefrontal",109000.272893737,1593.91224084931,109333.991826099,1442.22181704843,1684.51920248827,1633.91224084929,0,"sig"
"525","uncon_v_errcon","lh_rostralmiddlefrontal",109016.04518668,1597.46267707521,109501.454542843,1445.77225327432,1660.29149543149,1637.46267707522,0,"sig"
"625","errcon_v_con","lh_rostralmiddlefrontal",109000.272893737,-15.7722929432057,109333.991826099,-167.462716744092,1684.51920248827,24.2277070567736,0.232586952540022,"nonsig"
"825","uncon_v_con","lh_rostralmiddlefrontal",109000.272893737,1581.690384132,109333.991826099,1278.30953653023,1684.51920248827,1661.690384132,3.45845952088873e-323,"sig"
"126","uncon","lh_superiorfrontal",118101.714577714,NA,118738.814357678,NA,19.9775765173448,NA,NA,NA
"226","uncon_v_timecon","lh_superiorfrontal",118109.156346254,7.44176854002581,118594.565702417,-144.248655260861,67.4193450573565,47.4417685400117,0.000509187060041724,"sig"
"326","timecon_v_con","lh_superiorfrontal",119031.78341998,922.627073726311,119365.502352342,770.936649925425,1030.04641878369,962.62707372633,3.61790173090963e-191,"sig"
"526","uncon_v_errcon","lh_superiorfrontal",119027.562303342,925.847725627988,119512.971659505,774.157301827101,985.825302145332,965.847725627988,7.4495308214128e-192,"sig"
"626","errcon_v_con","lh_superiorfrontal",119031.78341998,4.22111663834949,119365.502352342,-147.469307162537,1030.04641878369,44.2211166383538,0.00140561399604508,"sig"
"826","uncon_v_con","lh_superiorfrontal",119031.78341998,930.068842266337,119365.502352342,626.687994664564,1030.04641878369,1010.06884226634,9.14030903893271e-186,"sig"
"127","uncon","lh_superiorparietal",101354.673964894,NA,101991.773744858,NA,14.9147639723714,NA,NA,NA
"227","uncon_v_timecon","lh_superiorparietal",101409.162216993,54.4882520987157,101894.571573155,-97.2021717021707,109.403016071069,94.4882520986975,1.20442092108451e-11,"sig"
"327","timecon_v_con","lh_superiorparietal",102704.191124153,1295.02890716045,103037.910056515,1143.33848335956,1444.43192323152,1335.02890716045,9.29877260653195e-271,"sig"
"527","uncon_v_errcon","lh_superiorparietal",102649.702622907,1295.02865801322,103135.11197907,1143.33823421234,1349.94342198557,1335.0286580132,9.29991546391182e-271,"sig"
"627","errcon_v_con","lh_superiorparietal",102704.191124153,54.4885012459417,103037.910056515,-97.2019225549448,1444.43192323152,94.4885012459461,1.20429876691375e-11,"sig"
"827","uncon_v_con","lh_superiorparietal",102704.191124153,1349.51715925917,103037.910056515,1046.13631165739,1444.43192323152,1429.51715925915,5.49427419446058e-274,"sig"
"128","uncon","lh_superiortemporal",81289.116573331,NA,81926.2163532948,NA,25.174113059296,NA,NA,NA
"228","uncon_v_timecon","lh_superiortemporal",81291.8604344694,2.74386113831133,81777.2697906322,-148.946562662575,67.9179741976045,42.7438611383085,0.00220972429746011,"sig"
"328","timecon_v_con","lh_superiortemporal",82113.7764218195,821.915987350148,82447.4953541815,670.225563549262,929.83396154776,861.915987350155,9.92239983412122e-170,"sig"
"528","uncon_v_errcon","lh_superiortemporal",82108.2070824289,819.090509097805,82593.6164385917,667.400085296918,884.264622157112,859.090509097816,3.95692404188748e-169,"sig"
"628","errcon_v_con","lh_superiortemporal",82113.7764218195,5.56933939065493,82447.4953541815,-146.121084410232,929.83396154776,45.5693393906473,0.000923194685511956,"sig"
"828","uncon_v_con","lh_superiortemporal",82113.7764218195,824.65984848846,82447.4953541815,521.279000886687,929.83396154776,904.659848488464,8.76514818955483e-164,"sig"
"129","uncon","lh_supramarginal",98145.49945442,NA,98782.5992343837,NA,28.7677946388629,NA,NA,NA
"229","uncon_v_timecon","lh_supramarginal",98185.5364477892,40.0369933691982,98670.945803952,-111.653430431688,108.804788008078,80.0369933692155,3.86957075866601e-09,"sig"
"329","timecon_v_con","lh_supramarginal",100583.985068973,2398.4486211841,100917.704001335,2246.75819738321,2547.25340919216,2438.44862118408,0,"sig"
"529","uncon_v_errcon","lh_supramarginal",100548.325956311,2402.82650189062,101033.735312473,2251.13607808974,2471.5942965295,2442.82650189064,0,"sig"
"629","errcon_v_con","lh_supramarginal",100583.985068973,35.6591126626736,100917.704001335,-116.031311138213,2547.25340919216,75.6591126626558,2.11463273752132e-08,"sig"
"829","uncon_v_con","lh_supramarginal",100583.985068973,2438.4856145533,100917.704001335,2135.10476695152,2547.25340919216,2518.48561455329,0,"sig"
"130","uncon","lh_frontalpole",-28239.156251499,NA,-27602.0564715353,NA,14.861655671356,NA,NA,NA
"230","uncon_v_timecon","lh_frontalpole",-28219.1130314174,20.0432200816103,-27733.7036752546,-131.64720371928,74.9048757529621,60.043220081606,7.01289084500999e-06,"sig"
"330","timecon_v_con","lh_frontalpole",-27293.7996311884,925.313400229024,-26960.0806988264,773.622976428131,1040.21827598199,965.313400229023,9.68272984345536e-192,"sig"
"530","uncon_v_errcon","lh_frontalpole",-27362.5962745274,876.559976971635,-26877.1869183645,724.869553170745,931.421632642987,916.559976971631,2.34714210914759e-181,"sig"
"630","errcon_v_con","lh_frontalpole",-27293.7996311884,68.7966433389993,-26960.0806988264,-82.8937804618945,1040.21827598199,108.796643338998,3.25357457126456e-14,"sig"
"830","uncon_v_con","lh_frontalpole",-27293.7996311884,945.356620310635,-26960.0806988264,641.975772708851,1040.21827598199,1025.35662031063,5.82056855862357e-189,"sig"
"131","uncon","lh_temporalpole",16528.0295516647,NA,17165.1293316284,NA,18.140459577784,NA,NA,NA
"231","uncon_v_timecon","lh_temporalpole",16536.6603563055,8.63080464081577,17022.0697124683,-143.059619160074,66.771264218604,48.63080464082,0.000346741716982602,"sig"
"331","timecon_v_con","lh_temporalpole",16788.6375788938,251.977222588335,17122.3565112558,100.286798787442,358.74848680694,291.977222588336,3.50339334077389e-50,"sig"
"531","uncon_v_errcon","lh_temporalpole",16775.331821845,247.302270180317,17260.7411780078,95.6118463794264,305.442729758099,287.302270180315,3.14058163345283e-49,"sig"
"631","errcon_v_con","lh_temporalpole",16788.6375788938,13.3057570488345,17122.3565112558,-138.384666752059,358.74848680694,53.3057570488411,7.32698552714439e-05,"sig"
"831","uncon_v_con","lh_temporalpole",16788.6375788938,260.608027229151,17122.3565112558,-42.7728203726329,358.74848680694,340.608027229156,2.49519319077525e-49,"sig"
"132","uncon","lh_transversetemporal",-29937.2588366971,NA,-29300.1590567333,NA,35.0130413600678,NA,NA,NA
"232","uncon_v_timecon","lh_transversetemporal",-29909.2858571336,27.9729795634958,-29423.8765009707,-123.717444237394,102.986020923555,67.972979563487,3.88869376419773e-07,"sig"
"332","timecon_v_con","lh_transversetemporal",-29526.1233036423,383.162553491224,-29192.4043712804,231.47212969033,526.148574414785,423.162553491231,3.16034698811839e-77,"sig"
"532","uncon_v_errcon","lh_transversetemporal",-29552.4025690835,384.856267613508,-29066.9932129207,233.165843812618,459.869308973564,424.856267613496,1.4043859990141e-77,"sig"
"632","errcon_v_con","lh_transversetemporal",-29526.1233036423,26.2792654412115,-29192.4043712804,-125.411158359682,526.148574414785,66.2792654412217,7.28786002506489e-07,"sig"
"832","uncon_v_con","lh_transversetemporal",-29526.1233036423,411.135533054719,-29192.4043712804,107.754685452936,526.148574414785,491.135533054718,5.17904068367464e-79,"sig"
"133","uncon","lh_insula",50904.9036098937,NA,51542.0033898574,NA,13.2314072509349,NA,NA,NA
"233","uncon_v_timecon","lh_insula",50945.4607645105,40.5571546168576,51430.8701206734,-111.133269184036,93.7885618677903,80.5571546168554,3.15702284318952e-09,"sig"
"333","timecon_v_con","lh_insula",51286.0929348723,340.63217036175,51619.8118672342,188.941746560857,474.420732229549,380.632170361759,2.10480784824264e-68,"sig"
"533","uncon_v_errcon","lh_insula",51250.8082555636,345.904645669965,51736.2176117265,194.214221869071,399.136052920903,385.904645669968,1.70525183375247e-69,"sig"
"633","errcon_v_con","lh_insula",51286.0929348723,35.2846793086428,51619.8118672342,-116.405744492251,474.420732229549,75.2846793086466,2.4421457937171e-08,"sig"
"833","uncon_v_con","lh_insula",51286.0929348723,381.189324978608,51619.8118672342,77.8084773768205,474.420732229549,461.189324978614,5.01434038748442e-73,"sig"
"134","uncon","rh_bankssts",6102.61960865193,NA,6739.71938861568,NA,16.8413765327321,NA,NA,NA
"234","uncon_v_timecon","rh_bankssts",6206.88307679399,104.26346814205,6692.29243295684,-47.4269556588415,161.104844674784,144.263468142051,7.83236299524726e-21,"sig"
"334","timecon_v_con","rh_bankssts",7125.19138283152,918.308306037535,7458.91031519348,766.617882236643,1119.41315071232,958.308306037536,3.01111272539672e-190,"sig"
"534","uncon_v_errcon","rh_bankssts",7018.76148274392,916.141874091989,7504.17083890678,764.451450291097,972.98325062474,956.141874092007,8.71634205626869e-190,"sig"
"634","errcon_v_con","rh_bankssts",7125.19138283152,106.429900087596,7458.91031519348,-45.2605237132957,1119.41315071232,146.42990008758,3.02576133166339e-21,"sig"
"834","uncon_v_con","rh_bankssts",7125.19138283152,1022.57177417959,7458.91031519348,719.190926577801,1119.41315071232,1102.57177417959,3.94321263413712e-205,"sig"
"135","uncon","rh_caudalanteriorcingulate",11365.0806725702,NA,12002.180452534,NA,24.2948893670127,NA,NA,NA
"235","uncon_v_timecon","rh_caudalanteriorcingulate",11423.1538145234,58.0731419531967,11908.5631706863,-93.6172818476953,122.368031320238,98.0731419532249,2.7820965228522e-12,"sig"
"335","timecon_v_con","rh_caudalanteriorcingulate",12257.7537170792,834.599902555801,12591.4726494412,682.909478754911,996.96793387603,874.599902555793,1.99207758651324e-172,"sig"
"535","uncon_v_errcon","rh_caudalanteriorcingulate",12201.6713334868,836.590660916578,12687.0806896496,684.900237115686,900.885550283585,876.590660916573,7.51423321869918e-173,"sig"
"635","errcon_v_con","rh_caudalanteriorcingulate",12257.7537170792,56.0823835924202,12591.4726494412,-95.6080402084699,996.96793387603,96.0823835924448,6.2866038521699e-12,"sig"
"835","uncon_v_con","rh_caudalanteriorcingulate",12257.7537170792,892.673044508998,12591.4726494412,589.292196907216,996.96793387603,972.673044509017,5.89804087273172e-178,"sig"
"136","uncon","rh_caudalmiddlefrontal",75745.3077112752,NA,76382.4074912389,NA,20.4195441102042,NA,NA,NA
"236","uncon_v_timecon","rh_caudalmiddlefrontal",75753.0720632794,7.76435200417473,76238.4814194422,-143.926071796712,68.1838961143907,47.7643520041865,0.000458999702565716,"sig"
"336","timecon_v_con","rh_caudalmiddlefrontal",76520.6509582071,767.578894927676,76854.369890569,615.888471126789,875.762791042057,807.578894927666,3.48230854648682e-158,"sig"
"536","uncon_v_errcon","rh_caudalmiddlefrontal",76512.0613870759,766.753675800705,76997.4707432388,615.063251999818,827.173219910927,806.753675800723,5.2128509828386e-158,"sig"
"636","errcon_v_con","rh_caudalmiddlefrontal",76520.6509582071,8.58957113114593,76854.369890569,-143.100852669741,875.762791042057,48.5895711311299,0.000351420875533644,"sig"
"836","uncon_v_con","rh_caudalmiddlefrontal",76520.6509582071,775.34324693185,76854.369890569,471.962399330077,875.762791042057,855.343246931853,1.54975950809024e-153,"sig"
"137","uncon","rh_cuneus",25508.6212090618,NA,26145.7209890255,NA,5.58399353020843,NA,NA,NA
"237","uncon_v_timecon","rh_cuneus",25639.4835547704,130.862345708676,26124.8929109333,-20.8280780922141,176.446339238891,170.862345708683,5.89105771644759e-26,"sig"
"337","timecon_v_con","rh_cuneus",26215.8702710533,576.386716282861,26549.5892034153,424.696292481967,792.833055521727,616.386716282835,1.01344364755325e-117,"sig"
"537","uncon_v_errcon","rh_cuneus",26076.4063379092,567.785128847445,26561.8156940721,416.094705046555,613.369122377655,607.785128847446,6.58969676723727e-116,"sig"
"637","errcon_v_con","rh_cuneus",26215.8702710533,139.463933144092,26549.5892034153,-12.2264906568016,792.833055521727,179.463933144072,1.23589586106428e-27,"sig"
"837","uncon_v_con","rh_cuneus",26215.8702710533,707.249061991537,26549.5892034153,403.868214389753,792.833055521727,787.249061991518,1.96757851758141e-139,"sig"
"138","uncon","rh_entorhinal",11138.8625471846,NA,11775.9623271484,NA,14.9324579599837,NA,NA,NA
"238","uncon_v_timecon","rh_entorhinal",11167.3589471502,28.4963999655629,11652.768303313,-123.194023835329,83.4288579255455,68.4963999655617,3.199213274636e-07,"sig"
"338","timecon_v_con","rh_entorhinal",11353.102677476,185.74373032577,11686.8216098379,34.0533065248801,309.172588251321,225.743730325775,8.50380058182934e-37,"sig"
"538","uncon_v_errcon","rh_entorhinal",11319.9972426167,181.134695432089,11805.4065987796,29.4442716311969,236.067153392074,221.13469543209,7.08911309861181e-36,"sig"
"638","errcon_v_con","rh_entorhinal",11353.102677476,33.1054348592443,11686.8216098379,-118.584988941646,309.172588251321,73.1054348592469,5.62251225377625e-08,"sig"
"838","uncon_v_con","rh_entorhinal",11353.102677476,214.240130291333,11686.8216098379,-89.140717310449,309.172588251321,294.240130291337,1.84841835937967e-40,"sig"
"139","uncon","rh_fusiform",67280.2941141197,NA,67917.3938940835,NA,21.743699480496,NA,NA,NA
"239","uncon_v_timecon","rh_fusiform",67312.8139964533,32.5198823335231,67798.2233526161,-119.170541467363,94.2635818140192,72.5198823335232,7.02585917890439e-08,"sig"
"339","timecon_v_con","rh_fusiform",68539.4685177766,1226.65452132332,68873.1874501385,1074.96409752243,1360.91810313734,1266.65452132332,4.07907743110903e-256,"sig"
"539","uncon_v_errcon","rh_fusiform",68509.7084374754,1229.4143233557,68995.1177936383,1077.72389955481,1291.15802283619,1269.4143233557,1.04657880593056e-256,"sig"
"639","errcon_v_con","rh_fusiform",68539.4685177766,29.7600803011446,68873.1874501385,-121.930343499742,1360.91810313734,69.7600803011487,1.99318655757006e-07,"sig"
"839","uncon_v_con","rh_fusiform",68539.4685177766,1259.17440365684,68873.1874501385,955.793556055069,1360.91810313734,1339.17440365684,6.60231750874157e-255,"sig"
"140","uncon","rh_inferiorparietal",103379.873151741,NA,104016.972931704,NA,15.8645940863668,NA,NA,NA
"240","uncon_v_timecon","rh_inferiorparietal",103445.436224913,65.5630731723213,103930.845581076,-86.1273506285652,121.427667258688,105.563073172321,1.25633212867106e-13,"sig"
"340","timecon_v_con","rh_inferiorparietal",105796.867117327,2351.43089241385,106130.586049689,2199.74046861296,2512.85855967255,2391.43089241386,0,"sig"
"540","uncon_v_errcon","rh_inferiorparietal",105730.376874455,2350.50372271489,106215.786230618,2198.813298914,2406.36831680128,2390.50372271491,0,"sig"
"640","errcon_v_con","rh_inferiorparietal",105796.867117327,66.4902428712812,106130.586049689,-85.2001809296053,2512.85855967255,106.490242871274,8.53521981011796e-14,"sig"
"840","uncon_v_con","rh_inferiorparietal",105796.867117327,2416.99396558617,106130.586049689,2113.61311798439,2512.85855967255,2496.99396558619,0,"sig"
"141","uncon","rh_inferiortemporal",80316.9259964582,NA,80954.025776422,NA,16.9566775574264,NA,NA,NA
"241","uncon_v_timecon","rh_inferiortemporal",80353.5705295106,36.6445330524002,80838.9798856735,-115.045890748486,93.6012106098334,76.644533052407,1.44620525600686e-08,"sig"
"341","timecon_v_con","rh_inferiortemporal",81984.0540298568,1630.48350034613,82317.7729622187,1478.79307654525,1764.08471095596,1670.48350034612,0,"sig"
"541","uncon_v_errcon","rh_inferiortemporal",81942.8570094946,1625.93101303633,82428.2663656574,1474.24058923544,1682.88769059375,1665.93101303632,0,"sig"
"641","errcon_v_con","rh_inferiortemporal",81984.0540298568,41.1970203622041,82317.7729622187,-110.493403438682,1764.08471095596,81.1970203622088,2.45665257037001e-09,"sig"
"841","uncon_v_con","rh_inferiortemporal",81984.0540298568,1667.12803339853,82317.7729622187,1363.74718579676,1764.08471095596,1747.12803339853,0,"sig"
"142","uncon","rh_isthmuscingulate",5308.57636667741,NA,5945.67614664115,NA,11.6543003986485,NA,NA,NA
"242","uncon_v_timecon","rh_isthmuscingulate",5375.08808767812,66.5117210007083,5860.49744384097,-85.1787028001836,118.166021399362,106.511721000714,8.45906049637282e-14,"sig"
"342","timecon_v_con","rh_isthmuscingulate",6189.97860239171,814.89051471359,6523.69753475367,663.200090912698,973.056536112937,854.890514713574,3.09217842315037e-168,"sig"
"542","uncon_v_errcon","rh_isthmuscingulate",6129.52665873535,820.950292057943,6614.93601489821,669.259868257051,872.604592456582,860.950292057934,1.592001248889e-169,"sig"
"642","errcon_v_con","rh_isthmuscingulate",6189.97860239171,60.4519436563551,6523.69753475367,-91.2384801445369,973.056536112937,100.451943656355,1.04548267403094e-12,"sig"
"842","uncon_v_con","rh_isthmuscingulate",6189.97860239171,881.402235714299,6523.69753475367,578.021388112515,973.056536112937,961.402235714288,1.3248467044342e-175,"sig"
"143","uncon","rh_lateraloccipital",85881.5314325475,NA,86518.6312125113,NA,31.4891247980699,NA,NA,NA
"243","uncon_v_timecon","rh_lateraloccipital",85964.6506076771,83.1191751295992,86450.05996384,-68.5712486712873,154.608299927708,123.119175129639,7.5196723968614e-17,"sig"
"343","timecon_v_con","rh_lateraloccipital",87251.1383623618,1286.48775468467,87584.8572947238,1134.79733088378,1481.09605461233,1326.48775468462,6.28151796515364e-269,"sig"
"543","uncon_v_errcon","rh_lateraloccipital",87169.9672132839,1288.43578073633,87655.3765694467,1136.74535693544,1359.92490553441,1328.43578073634,2.40316319780342e-269,"sig"
"643","errcon_v_con","rh_lateraloccipital",87251.1383623618,81.1711490779417,87584.8572947238,-70.5192747229448,1481.09605461233,121.17114907792,1.7298803757614e-16,"sig"
"843","uncon_v_con","rh_lateraloccipital",87251.1383623618,1369.60692981427,87584.8572947238,1066.2260822125,1481.09605461233,1449.60692981426,3.10788556618845e-278,"sig"
"144","uncon","rh_lateralorbitofrontal",63526.698250311,NA,64163.7980302748,NA,14.8428816205058,NA,NA,NA
"244","uncon_v_timecon","rh_lateralorbitofrontal",63563.7258610123,37.0276107012614,64049.1352171751,-114.662813099632,91.8704923217679,77.0276107012621,1.24715885025593e-08,"sig"
"344","timecon_v_con","rh_lateralorbitofrontal",64262.5044521839,698.778591171678,64596.2233845459,547.088167370785,830.649083493453,738.778591171685,1.36315573083672e-143,"sig"
"544","uncon_v_errcon","rh_lateralorbitofrontal",64226.5516097601,699.853359449109,64711.960965923,548.162935648215,754.696241069629,739.853359449123,8.06917209113023e-144,"sig"
"644","errcon_v_con","rh_lateralorbitofrontal",64262.5044521839,35.9528424238306,64596.2233845459,-115.737581377063,830.649083493453,75.9528424238241,1.8884905166181e-08,"sig"
"844","uncon_v_con","rh_lateralorbitofrontal",64262.5044521839,735.80620187294,64596.2233845459,432.425354271152,830.649083493453,815.806201872947,2.43267426286126e-145,"sig"
"145","uncon","rh_lingual",51985.5936437074,NA,52622.6934236711,NA,17.5597148425873,NA,NA,NA
"245","uncon_v_timecon","rh_lingual",52058.3220462596,72.7284025522822,52543.7314024225,-78.9620212486116,130.288117394891,112.728402552304,6.23017978122574e-15,"sig"
"345","timecon_v_con","rh_lingual",52662.4083351396,604.086288879946,52996.1272675015,452.395865079052,774.374406274828,644.086288879937,1.4526907290169e-123,"sig"
"545","uncon_v_errcon","rh_lingual",52586.1427083759,600.549064668514,53071.5520645387,448.85864086762,658.108779511128,640.549064668541,8.10616190135615e-123,"sig"
"645","errcon_v_con","rh_lingual",52662.4083351396,76.265626763714,52996.1272675015,-75.4247970371798,774.374406274828,116.2656267637,1.39564404335751e-15,"sig"
"845","uncon_v_con","rh_lingual",52662.4083351396,676.814691432228,52996.1272675015,373.43384383044,774.374406274828,756.814691432241,3.78637773367291e-133,"sig"
"146","uncon","rh_medialorbitofrontal",46397.7619915869,NA,47034.8617715507,NA,19.5547903588301,NA,NA,NA
"246","uncon_v_timecon","rh_medialorbitofrontal",46437.3805766043,39.6185850173642,46922.7899327671,-112.07183878353,99.1733753762074,79.6185850173772,4.55665597057299e-09,"sig"
"346","timecon_v_con","rh_medialorbitofrontal",47000.4291258109,563.048549206615,47334.1480581729,411.358125405721,702.221924582806,603.048549206599,6.56030290858508e-115,"sig"
"546","uncon_v_errcon","rh_medialorbitofrontal",46971.3180522187,573.556060631796,47456.7274083816,421.865636830902,633.110850990632,613.556060631802,4.00439905307804e-117,"sig"
"646","errcon_v_con","rh_medialorbitofrontal",47000.4291258109,29.1110735921829,47334.1480581729,-122.579350208711,702.221924582806,69.1110735921741,2.54236253909367e-07,"sig"
"846","uncon_v_con","rh_medialorbitofrontal",47000.4291258109,602.667134223979,47334.1480581729,299.286286622191,702.221924582806,682.667134223976,6.77354859673587e-118,"sig"
"147","uncon","rh_middletemporal",81079.2092980242,NA,81716.3090779879,NA,24.7072796333608,NA,NA,NA
"247","uncon_v_timecon","rh_middletemporal",81144.9681276805,65.7588296562753,81630.3774838433,-85.9315941446112,130.466109289676,105.758829656316,1.15792682599415e-13,"sig"
"347","timecon_v_con","rh_middletemporal",84232.1447589094,3087.17663122897,84565.8636912714,2935.48620742808,3257.64274051863,3127.17663122896,0,"sig"
"547","uncon_v_errcon","rh_middletemporal",84158.4976420061,3079.2883439819,84643.9069981689,2927.59792018101,3143.99562361529,3119.28834398193,0,"sig"
"647","errcon_v_con","rh_middletemporal",84232.1447589094,73.6471169033466,84565.8636912714,-78.0433068975399,3257.64274051863,113.647116903342,4.22760254195806e-15,"sig"
"847","uncon_v_con","rh_middletemporal",84232.1447589094,3152.93546088524,84565.8636912714,2849.55461328347,3257.64274051863,3232.93546088527,0,"sig"
"148","uncon","rh_parahippocampal",-12026.0191894593,NA,-11388.9194094956,NA,17.6955199745361,NA,NA,NA
"248","uncon_v_timecon","rh_parahippocampal",-11960.7913685694,65.2278208898551,-11475.3820124066,-86.4626029110368,122.923340864381,105.227820889844,1.44457684027015e-13,"sig"
"348","timecon_v_con","rh_parahippocampal",-11773.645864668,187.145503901449,-11439.926932306,35.4550801005589,350.068844765842,227.145503901461,4.45851629675259e-37,"sig"
"548","uncon_v_errcon","rh_parahippocampal",-11838.7341823872,187.285007072129,-11353.3248262243,35.5945832712368,244.980527046671,227.285007072135,4.1809496869678e-37,"sig"
"648","errcon_v_con","rh_parahippocampal",-11773.645864668,65.0883177191754,-11439.926932306,-86.6021060817147,350.068844765842,105.088317719171,1.53095025753585e-13,"sig"
"848","uncon_v_con","rh_parahippocampal",-11773.645864668,252.373324791304,-11439.926932306,-51.0075228104779,350.068844765842,332.373324791306,9.65238791145185e-48,"sig"
"149","uncon","rh_paracentral",31862.5070691172,NA,32499.606849081,NA,17.6666335817906,NA,NA,NA
"249","uncon_v_timecon","rh_paracentral",31890.755503315,28.2484341977506,32376.1648594778,-123.44198960314,85.9150677795389,68.2484341977484,3.50932932186258e-07,"sig"
"349","timecon_v_con","rh_paracentral",32956.0094647268,1065.25396141183,33289.7283970888,913.563537610939,1191.16902919136,1105.25396141183,1.33781284389866e-221,"sig"
"549","uncon_v_errcon","rh_paracentral",32922.484543291,1059.97747417378,33407.8938994539,908.287050372888,1117.64410775557,1099.97747417378,1.79266761040811e-220,"sig"
"649","errcon_v_con","rh_paracentral",32956.0094647268,33.5249214358046,33289.7283970888,-118.165502365089,1191.16902919136,73.5249214357973,4.79140093102593e-08,"sig"
"849","uncon_v_con","rh_paracentral",32956.0094647268,1093.50239560958,33289.7283970888,790.121548007799,1191.16902919136,1173.50239560957,5.09323898202983e-220,"sig"
"150","uncon","rh_parsopercularis",41970.5384010902,NA,42607.638181054,NA,32.4848886154398,NA,NA,NA
"250","uncon_v_timecon","rh_parsopercularis",42018.1606703754,47.6222692851879,42503.5700265383,-104.068154515706,120.107157900645,87.6222692852048,1.92496726317968e-10,"sig"
"350","timecon_v_con","rh_parsopercularis",43279.0760206997,1260.9153503243,43612.7949530617,1109.22492652341,1421.02250822494,1300.91535032429,1.88395655312441e-263,"sig"
"550","uncon_v_errcon","rh_parsopercularis",43235.4415223076,1264.9031212174,43720.8508784705,1113.21269741651,1337.38800983285,1304.90312121741,2.63682895410875e-264,"sig"
"650","errcon_v_con","rh_parsopercularis",43279.0760206997,43.6344983920862,43612.7949530617,-108.055925408808,1421.02250822494,83.6344983920826,9.40421745371292e-10,"sig"
"850","uncon_v_con","rh_parsopercularis",43279.0760206997,1308.53761960949,43612.7949530617,1005.1567720077,1421.02250822494,1388.5376196095,2.5052478030603e-265,"sig"
"151","uncon","rh_parsorbitalis",9588.59876227877,NA,10225.6985422425,NA,15.9759732279266,NA,NA,NA
"251","uncon_v_timecon","rh_parsorbitalis",9613.08648622186,24.4877239430898,10098.4958423847,-127.202699857802,80.4636971710199,64.4877239430932,1.40799991707697e-06,"sig"
"351","timecon_v_con","rh_parsorbitalis",10136.5927057589,523.506219537092,10470.3116381209,371.815795736202,643.969916708121,563.506219537101,1.37810231739728e-106,"sig"
"551","uncon_v_errcon","rh_parsorbitalis",10109.6984770016,521.099714722848,10595.1078331645,369.409290921956,577.075687950792,561.099714722865,4.4175386223231e-106,"sig"
"651","errcon_v_con","rh_parsorbitalis",10136.5927057589,26.8942287573336,10470.3116381209,-124.796195043557,643.969916708121,66.894228757329,5.80518968570805e-07,"sig"
"851","uncon_v_con","rh_parsorbitalis",10136.5927057589,547.993943480182,10470.3116381209,244.6130958784,643.969916708121,627.993943480194,1.03836662177631e-106,"sig"
"152","uncon","rh_parstriangularis",49298.7775626864,NA,49935.8773426501,NA,20.1860852596638,NA,NA,NA
"252","uncon_v_timecon","rh_parstriangularis",49357.7055507659,58.9279880795366,49843.1149069288,-92.7624357213572,119.114073339198,98.9279880795339,1.95826004045706e-12,"sig"
"352","timecon_v_con","rh_parstriangularis",50365.7094288492,1008.00387808331,50699.4283612112,856.313454282419,1167.11795142251,1048.00387808332,2.24177350664777e-209,"sig"
"552","uncon_v_errcon","rh_parstriangularis",50306.9474562253,1008.16989353891,50792.3568123881,856.47946973802,1068.35597879858,1048.16989353891,2.06614055100342e-209,"sig"
"652","errcon_v_con","rh_parstriangularis",50365.7094288492,58.7619726239354,50699.4283612112,-92.9284511769583,1167.11795142251,98.7619726239361,2.09656739888823e-12,"sig"
"852","uncon_v_con","rh_parstriangularis",50365.7094288492,1066.93186616285,50699.4283612112,763.551018561062,1167.11795142251,1146.93186616285,1.94118061794162e-214,"sig"
"153","uncon","rh_pericalcarine",7901.26214021193,NA,8538.36192017568,NA,17.0420717942838,NA,NA,NA
"253","uncon_v_timecon","rh_pericalcarine",7967.42408170008,66.1619414881461,8452.83343786293,-85.5284823127458,123.204013282432,106.161941488148,9.78803124718502e-14,"sig"
"353","timecon_v_con","rh_pericalcarine",8249.95854437083,282.534462670747,8583.67747673279,130.844038869856,445.738475953181,322.534462670749,1.97449882494499e-56,"sig"
"553","uncon_v_errcon","rh_pericalcarine",8183.04799354599,281.785853334055,8668.45734970884,130.095429533163,338.827925128361,321.785853334077,2.81184666960355e-56,"sig"
"653","errcon_v_con","rh_pericalcarine",8249.95854437083,66.9105508248376,8583.67747673279,-84.7798729760525,445.738475953181,106.91055082482,7.16164674192893e-14,"sig"
"853","uncon_v_con","rh_pericalcarine",8249.95854437083,348.696404158893,8583.67747673279,45.3155565571105,445.738475953181,428.696404158897,1.4323122309224e-66,"sig"
"154","uncon","rh_postcentral",74772.8749604888,NA,75409.9747404525,NA,29.8002109565123,NA,NA,NA
"254","uncon_v_timecon","rh_postcentral",74842.9201805612,70.0452200723666,75328.329536724,-81.6452037285198,139.84543102887,110.045220072358,1.9271180255854e-14,"sig"
"354","timecon_v_con","rh_postcentral",76035.8098648655,1192.88968430436,76369.5287972275,1041.19926050348,1372.73511533322,1232.88968430435,6.87176735476516e-249,"sig"
"554","uncon_v_errcon","rh_postcentral",75957.2399981523,1184.36503766355,76442.6493543152,1032.67461386266,1254.16524862003,1224.36503766352,4.58244126183859e-247,"sig"
"654","errcon_v_con","rh_postcentral",76035.8098648655,78.5698667131801,76369.5287972275,-73.1205570877064,1372.73511533322,118.569866713186,5.24381253159062e-16,"sig"
"854","uncon_v_con","rh_postcentral",76035.8098648655,1262.93490437673,76369.5287972275,959.554056774956,1372.73511533322,1342.93490437671,1.06222682351204e-255,"sig"
"155","uncon","rh_posteriorcingulate",14823.2608924796,NA,15460.3606724433,NA,22.27089557331,NA,NA,NA
"255","uncon_v_timecon","rh_posteriorcingulate",14886.4860369412,63.2251444615904,15371.895393104,-88.4652793393016,125.496040034904,103.225144461594,3.32019224680198e-13,"sig"
"355","timecon_v_con","rh_posteriorcingulate",15757.703790744,871.217753802799,16091.4227231059,719.527330001909,1036.7137938377,911.2177538028,3.21951709891675e-180,"sig"
"555","uncon_v_errcon","rh_posteriorcingulate",15695.228715964,871.967823484452,16180.6380721269,720.27739968356,934.238719057749,911.967823484439,2.22907198690339e-180,"sig"
"655","errcon_v_con","rh_posteriorcingulate",15757.703790744,62.4750747799371,16091.4227231059,-89.215349020953,1036.7137938377,102.475074779955,4.53075163276234e-13,"sig"
"855","uncon_v_con","rh_posteriorcingulate",15757.703790744,934.442898264389,16091.4227231059,631.062050662607,1036.7137938377,1014.44289826439,1.11360148578024e-186,"sig"
"156","uncon","rh_precentral",90243.8959239084,NA,90880.9957038722,NA,26.1973022598459,NA,NA,NA
"256","uncon_v_timecon","rh_precentral",90294.5488784629,50.6529545544472,90779.9582346257,-101.037469246439,116.850256814303,90.6529545544569,5.6980238940177e-11,"sig"
"356","timecon_v_con","rh_precentral",91329.2497870785,1034.70090861563,91662.9687194405,883.010484814746,1191.55116542996,1074.70090861565,4.482703186033e-215,"sig"
"556","uncon_v_errcon","rh_precentral",91272.7985910822,1028.90266717382,91758.2079472451,877.212243372938,1095.09996943368,1068.90266717384,7.75366431223244e-214,"sig"
"656","errcon_v_con","rh_precentral",91329.2497870785,56.4511959962547,91662.9687194405,-95.2392278046318,1191.55116542996,96.4511959962765,5.40683735944078e-12,"sig"
"856","uncon_v_con","rh_precentral",91329.2497870785,1085.35386317008,91662.9687194405,781.973015568306,1191.55116542996,1165.35386317011,2.62439748712316e-218,"sig"
"157","uncon","rh_precuneus",77386.0652244917,NA,78023.1650044554,NA,18.7541838214066,NA,NA,NA
"257","uncon_v_timecon","rh_precuneus",77456.2830378322,70.2178133405832,77941.6923939951,-81.4726104603033,128.971997161977,110.21781334057,1.79237560160992e-14,"sig"
"357","timecon_v_con","rh_precuneus",78627.4604119455,1171.17737411331,78961.1793443075,1019.48695031242,1340.1493712753,1211.17737411332,3.03741023942037e-244,"sig"
"557","uncon_v_errcon","rh_precuneus",78551.7942661973,1165.72904170562,79037.2036223601,1014.03861790473,1224.48322552701,1205.72904170561,4.44632352870324e-243,"sig"
"657","errcon_v_con","rh_precuneus",78627.4604119455,75.6661457482696,78961.1793443075,-76.0242780526169,1340.1493712753,115.666145748282,1.79944536418e-15,"sig"
"857","uncon_v_con","rh_precuneus",78627.4604119455,1241.39518745389,78961.1793443075,938.014339852118,1340.1493712753,1321.39518745389,3.71783689647342e-251,"sig"
"158","uncon","rh_rostralanteriorcingulate",9398.7314855739,NA,10035.8312655376,NA,29.0574900161896,NA,NA,NA
"258","uncon_v_timecon","rh_rostralanteriorcingulate",9411.58275164271,12.8512660688102,9896.99210780556,-138.839157732082,81.9087560850063,52.8512660688167,8.54674633128113e-05,"sig"
"358","timecon_v_con","rh_rostralanteriorcingulate",10156.9467431562,745.363991513459,10490.6656755181,593.673567712569,867.27274759847,785.363991513463,1.80727871030704e-153,"sig"
"558","uncon_v_errcon","rh_rostralanteriorcingulate",10139.179739585,740.44825401112,10624.5890957479,588.757830210228,809.505744027317,780.448254011127,1.99519777106739e-152,"sig"
"658","errcon_v_con","rh_rostralanteriorcingulate",10156.9467431562,17.767003571149,10490.6656755181,-133.923420229741,867.27274759847,57.7670035711526,1.56913111344807e-05,"sig"
"858","uncon_v_con","rh_rostralanteriorcingulate",10156.9467431562,758.215257582269,10490.6656755181,454.834409980487,867.27274759847,838.21525758228,5.53424126012151e-150,"sig"
"159","uncon","rh_rostralmiddlefrontal",114338.956012664,NA,114976.055792627,NA,22.1588630964001,NA,NA,NA
"259","uncon_v_timecon","rh_rostralmiddlefrontal",114362.533092282,23.5770796186262,114847.942448445,-128.11334418226,85.7359427150186,63.5770796186185,1.96304539638477e-06,"sig"
"359","timecon_v_con","rh_rostralmiddlefrontal",115560.946233147,1198.41314086504,115894.665165509,1046.72271706416,1324.14908358008,1238.41314086506,4.51968833682424e-250,"sig"
"559","uncon_v_errcon","rh_rostralmiddlefrontal",115532.073464663,1193.11745199907,116017.482820825,1041.42702819819,1255.27631509547,1233.11745199907,6.14228785886027e-249,"sig"
"659","errcon_v_con","rh_rostralmiddlefrontal",115560.946233147,28.8727684845944,115894.665165509,-122.817655316292,1324.14908358008,68.8727684846092,2.77949313272273e-07,"sig"
"859","uncon_v_con","rh_rostralmiddlefrontal",115560.946233147,1221.99022048367,115894.665165509,918.609372881896,1324.14908358008,1301.99022048368,4.5934762489498e-247,"sig"
"160","uncon","rh_superiorfrontal",122256.490704027,NA,122893.59048399,NA,14.1205822271712,NA,NA,NA
"260","uncon_v_timecon","rh_superiorfrontal",122260.113063409,3.62235938211961,122745.522419572,-148.068064418767,57.7429416092886,43.6223593821174,0.0016902918555001,"sig"
"360","timecon_v_con","rh_superiorfrontal",123046.708193372,786.595129962967,123380.427125734,634.90470616208,884.33807157225,826.595129962961,3.18631464570751e-162,"sig"
"560","uncon_v_errcon","rh_superiorfrontal",123044.008622399,787.517918371916,123529.417978561,635.827494571029,841.638500599087,827.517918371916,2.02888790758772e-162,"sig"
"660","errcon_v_con","rh_superiorfrontal",123046.708193372,2.69957097317092,123380.427125734,-148.990852827716,884.33807157225,42.6995709731627,0.00223959067422002,"sig"
"860","uncon_v_con","rh_superiorfrontal",123046.708193372,790.217489345087,123380.427125734,486.836641743314,884.33807157225,870.217489345079,1.26555351447944e-156,"sig"
"161","uncon","rh_superiorparietal",105429.107558864,NA,106066.207338828,NA,14.2713697458339,NA,NA,NA
"261","uncon_v_timecon","rh_superiorparietal",105512.027134857,82.9195759927534,105997.43649102,-68.7708478081331,137.190945738591,122.919575992757,8.19059165445895e-17,"sig"
"361","timecon_v_con","rh_superiorparietal",106231.809449796,719.78231493957,106565.528382158,568.091891138683,896.973260678161,759.78231493957,4.81859766176762e-148,"sig"
"561","uncon_v_errcon","rh_superiorparietal",106150.281512622,721.173953758102,106635.690868785,569.483529957215,775.445323503935,761.173953758101,2.44266337327777e-148,"sig"
"661","errcon_v_con","rh_superiorparietal",106231.809449796,81.5279371742217,106565.528382158,-70.1624866266648,896.973260678161,121.527937174226,1.48531869135177e-16,"sig"
"861","uncon_v_con","rh_superiorparietal",106231.809449796,802.701890932323,106565.528382158,499.32104333055,896.973260678161,882.701890932327,3.22542468939762e-159,"sig"
"162","uncon","rh_superiortemporal",73597.1138417945,NA,74234.2136217582,NA,20.9509543116906,NA,NA,NA
"262","uncon_v_timecon","rh_superiortemporal",73628.1232317566,31.0093899620988,74113.5325879194,-120.681033838788,91.9603442737612,71.0093899620706,1.24516378634302e-07,"sig"
"362","timecon_v_con","rh_superiortemporal",74746.6908741063,1118.56764234978,75080.4098064683,966.877218548892,1250.52798662357,1158.56764234981,5.41104245025977e-233,"sig"
"562","uncon_v_errcon","rh_superiortemporal",74715.4906568619,1118.37681506744,75200.9000130248,966.686391266558,1179.32776937914,1158.37681506745,5.94395945694862e-233,"sig"
"662","errcon_v_con","rh_superiortemporal",74746.6908741063,31.2002172444336,75080.4098064683,-120.490206556453,1250.52798662357,71.2002172444279,1.15855803418791e-07,"sig"
"862","uncon_v_con","rh_superiortemporal",74746.6908741063,1149.57703231188,75080.4098064683,846.196184710105,1250.52798662357,1229.57703231188,8.22327686751479e-232,"sig"
"163","uncon","rh_supramarginal",93287.4542394938,NA,93924.5540194576,NA,23.7898011389118,NA,NA,NA
"263","uncon_v_timecon","rh_supramarginal",93323.5317934057,36.0775539118622,93808.9411495686,-115.612869889024,99.8673550507788,76.077553911867,1.79987753461485e-08,"sig"
"363","timecon_v_con","rh_supramarginal",94281.3659206536,957.834127247872,94615.0848530155,806.143703446985,1097.70148229865,997.834127247875,1.13097785420694e-198,"sig"
"563","uncon_v_errcon","rh_supramarginal",94244.4175978932,956.963358399385,94729.8269540561,805.272934598499,1020.75315953831,996.963358399403,1.73433778472909e-198,"sig"
"663","errcon_v_con","rh_supramarginal",94281.3659206536,36.9483227603487,94615.0848530155,-114.742101040538,1097.70148229865,76.948322760339,1.28599550020901e-08,"sig"
"863","uncon_v_con","rh_supramarginal",94281.3659206536,993.911681159734,94615.0848530155,690.530833557961,1097.70148229865,1073.91168115974,4.00308519928364e-199,"sig"
"164","uncon","rh_frontalpole",-15866.7835829594,NA,-15229.6838029957,NA,19.5777118947029,NA,NA,NA
"264","uncon_v_timecon","rh_frontalpole",-15811.4231558735,55.360427085925,-15326.0137997106,-96.3299967149669,114.938138980622,95.3604270859189,8.44154142599853e-12,"sig"
"364","timecon_v_con","rh_frontalpole",-15026.8960876325,784.527068241034,-14693.1771552705,632.836644440144,939.465207221659,824.527068241037,8.76184088875952e-162,"sig"
"564","uncon_v_errcon","rh_frontalpole",-15122.8196984914,743.963884468059,-14637.4103423285,592.273460667167,803.54159636275,783.963884468047,3.58177458321641e-153,"sig"
"664","errcon_v_con","rh_frontalpole",-15026.8960876325,95.9236108588993,-14693.1771552705,-55.7668129419908,939.465207221659,135.923610858909,2.99086360503267e-19,"sig"
"864","uncon_v_con","rh_frontalpole",-15026.8960876325,839.887495326959,-14693.1771552705,536.506647725177,939.465207221659,919.887495326956,5.93666778825846e-167,"sig"
"165","uncon","rh_temporalpole",16101.6712668678,NA,16738.7710468316,NA,14.817713083493,NA,NA,NA
"265","uncon_v_timecon","rh_temporalpole",16140.2931362575,38.6218693896717,16625.7024924203,-113.06855441122,93.4395824731643,78.6218693896713,6.71942244215479e-09,"sig"
"365","timecon_v_con","rh_temporalpole",16310.8547758985,170.561639640982,16644.5737082604,18.8712158400922,304.00122211415,210.561639640986,9.0552088103844e-34,"sig"
"565","uncon_v_errcon","rh_temporalpole",16273.6553255887,171.984058720855,16759.0646817515,20.2936349199626,226.801771804347,211.984058720854,4.7214268669004e-34,"sig"
"665","errcon_v_con","rh_temporalpole",16310.8547758985,37.1994503097994,16644.5737082604,-114.490973491091,304.00122211415,77.1994503098029,1.16693142262705e-08,"sig"
"865","uncon_v_con","rh_temporalpole",16310.8547758985,209.183509030654,16644.5737082604,-94.1973385711281,304.00122211415,289.183509030657,1.67070653182689e-39,"sig"
"166","uncon","rh_transversetemporal",-44831.7861563618,NA,-44194.686376398,NA,16.3386825863598,NA,NA,NA
"266","uncon_v_timecon","rh_transversetemporal",-44757.5249755224,74.2611808393704,-44272.1156193596,-77.4292429615234,130.599863425726,114.261180839366,3.26133598929995e-15,"sig"
"366","timecon_v_con","rh_transversetemporal",-43970.7468783406,786.778097181836,-43637.0279459786,635.087673380942,957.377960607554,826.778097181827,2.91353869319875e-162,"sig"
"566","uncon_v_errcon","rh_transversetemporal",-44045.6010467355,786.185109626254,-43560.1916905727,634.494685825361,842.523792212612,826.185109626253,3.89393689475566e-162,"sig"
"666","errcon_v_con","rh_transversetemporal",-43970.7468783406,74.8541683949516,-43637.0279459786,-76.8362554059422,957.377960607554,114.854168394941,2.53782939587141e-15,"sig"
"866","uncon_v_con","rh_transversetemporal",-43970.7468783406,861.039278021206,-43637.0279459786,557.658430419418,957.377960607554,941.039278021194,2.33163572085252e-171,"sig"
"167","uncon","rh_insula",52489.6720083049,NA,53126.7717882687,NA,22.6286914403293,NA,NA,NA
"267","uncon_v_timecon","rh_insula",52511.029990757,21.3579824521148,52996.4393469199,-130.332441348779,83.9866738924467,61.3579824521174,4.3805686875443e-06,"sig"
"367","timecon_v_con","rh_insula",52808.180763216,297.15077245899,53141.899695578,145.460348658096,421.13744635144,337.150772458993,1.96653280363655e-59,"sig"
"567","uncon_v_errcon","rh_insula",52789.787081923,300.115073618072,53275.1964380858,148.424649817178,362.743765058399,340.11507361807,4.83076814354805e-60,"sig"
"667","errcon_v_con","rh_insula",52808.180763216,18.3936812930333,53141.899695578,-133.29674250786,421.13744635144,58.3936812930405,1.2586148053203e-05,"sig"
"867","uncon_v_con","rh_insula",52808.180763216,318.508754911105,53141.899695578,15.1279073093174,421.13744635144,398.508754911111,1.29374751064926e-60,"sig"
